-- phpMyAdmin SQL Dump
-- version 4.7.4
-- https://www.phpmyadmin.net/
--
-- Host: 127.0.0.1
-- Generation Time: Mar 04, 2018 at 10:47 PM
-- Server version: 10.1.29-MariaDB
-- PHP Version: 7.2.0

SET SQL_MODE = "NO_AUTO_VALUE_ON_ZERO";
SET AUTOCOMMIT = 0;
START TRANSACTION;
SET time_zone = "+00:00";


/*!40101 SET @OLD_CHARACTER_SET_CLIENT=@@CHARACTER_SET_CLIENT */;
/*!40101 SET @OLD_CHARACTER_SET_RESULTS=@@CHARACTER_SET_RESULTS */;
/*!40101 SET @OLD_COLLATION_CONNECTION=@@COLLATION_CONNECTION */;
/*!40101 SET NAMES utf8mb4 */;

--
-- Database: `newsblog`
--

-- --------------------------------------------------------

--
-- Table structure for table `articles`
--

CREATE TABLE `articles` (
  `id` int(10) UNSIGNED NOT NULL,
  `title` varchar(191) COLLATE utf8mb4_unicode_ci NOT NULL,
  `image` varchar(191) COLLATE utf8mb4_unicode_ci NOT NULL,
  `content` longtext COLLATE utf8mb4_unicode_ci NOT NULL,
  `category` varchar(191) COLLATE utf8mb4_unicode_ci NOT NULL,
  `created_at` timestamp NULL DEFAULT NULL,
  `updated_at` timestamp NULL DEFAULT NULL,
  `user_id` int(10) UNSIGNED NOT NULL
) ENGINE=InnoDB DEFAULT CHARSET=utf8mb4 COLLATE=utf8mb4_unicode_ci;

--
-- Dumping data for table `articles`
--

INSERT INTO `articles` (`id`, `title`, `image`, `content`, `category`, `created_at`, `updated_at`, `user_id`) VALUES
(1, '7% economic growth \'very achievable\' this year - BPI', '/images/business/business1.jpg', '<h3>Lorem ipsum dolor sit amet, consectetur adipisicing elit</h3>\n  <p>Lorem ipsum dolor sit amet, consectetur adipisicing elit, sed do eiusmod\n  tempor incididunt ut labore et dolore magna aliqua. Ut enim ad minim veniam,\n  quis nostrud exercitation ullamco laboris nisi ut aliquip ex ea commodo\n  consequat. Duis aute irure dolor in reprehenderit in voluptate velit esse\n  cillum dolore eu fugiat nulla pariatur. Excepteur sint occaecat cupidatat non\n  proident, sunt in culpa qui officia deserunt mollit anim id est laborum.</p>\n  <p>Lorem ipsum dolor sit amet, consectetur adipisicing elit, sed do eiusmod\n  tempor incididunt ut labore et dolore magna aliqua. Ut enim ad minim veniam,\n  quis nostrud exercitation ullamco laboris nisi ut aliquip ex ea commodo\n  consequat. Duis aute irure dolor in reprehenderit in voluptate velit esse\n  cillum dolore eu fugiat nulla pariatur. Excepteur sint occaecat cupidatat non\n  proident, sunt in culpa qui officia deserunt mollit anim id est laborum.</p>\n  <hr>\n  <h3>Lorem ipsum dolor sit amet, consectetur adipisicing elit</h3>\n  <p>Lorem ipsum dolor sit amet, consectetur adipisicing elit, sed do eiusmod\n  tempor incididunt ut labore et dolore magna aliqua. Ut enim ad minim veniam,\n  quis nostrud exercitation ullamco laboris nisi ut aliquip ex ea commodo\n  consequat. Duis aute irure dolor in reprehenderit in voluptate velit esse\n  cillum dolore eu fugiat nulla pariatur. Excepteur sint occaecat cupidatat non\n  proident, sunt in culpa qui officia deserunt mollit anim id est laborum.</p>\n  <p>Lorem ipsum dolor sit amet, consectetur adipisicing elit, sed do eiusmod\n  tempor incididunt ut labore et dolore magna aliqua. Ut enim ad minim veniam,\n  quis nostrud exercitation ullamco laboris nisi ut aliquip ex ea commodo\n  consequat. Duis aute irure dolor in reprehenderit in voluptate velit esse\n  cillum dolore eu fugiat nulla pariatur. Excepteur sint occaecat cupidatat non\n  proident, sunt in culpa qui officia deserunt mollit anim id est laborum.</p>\n  <blockquote>Lorem ipsum dolor sit amet, consectetur adipisicing elit, sed do eiusmod\n  tempor incididunt ut labore et dolore magna aliqua. Ut enim ad minim veniam,\n  quis nostrud exercitation ullamco laboris nisi ut aliquip ex ea commodo\n  consequat. Duis aute irure dolor in reprehenderit in voluptate velit esse\n  cillum dolore eu fugiat nulla pariatur. Excepteur sint occaecat cupidatat non\n  proident, sunt in culpa qui officia deserunt mollit anim id est laborum.</blockquote>', 'business', '2017-07-21 00:21:27', '2017-07-21 00:21:27', 1),
(2, 'PH starts 2018 with hot money net inflows of $162M', '/images/business/business2.jpg', '<h3>Lorem ipsum dolor sit amet, consectetur adipisicing elit</h3>\n  <p>Lorem ipsum dolor sit amet, consectetur adipisicing elit, sed do eiusmod\n  tempor incididunt ut labore et dolore magna aliqua. Ut enim ad minim veniam,\n  quis nostrud exercitation ullamco laboris nisi ut aliquip ex ea commodo\n  consequat. Duis aute irure dolor in reprehenderit in voluptate velit esse\n  cillum dolore eu fugiat nulla pariatur. Excepteur sint occaecat cupidatat non\n  proident, sunt in culpa qui officia deserunt mollit anim id est laborum.</p>\n  <p>Lorem ipsum dolor sit amet, consectetur adipisicing elit, sed do eiusmod\n  tempor incididunt ut labore et dolore magna aliqua. Ut enim ad minim veniam,\n  quis nostrud exercitation ullamco laboris nisi ut aliquip ex ea commodo\n  consequat. Duis aute irure dolor in reprehenderit in voluptate velit esse\n  cillum dolore eu fugiat nulla pariatur. Excepteur sint occaecat cupidatat non\n  proident, sunt in culpa qui officia deserunt mollit anim id est laborum.</p>\n  <hr>\n  <h3>Lorem ipsum dolor sit amet, consectetur adipisicing elit</h3>\n  <p>Lorem ipsum dolor sit amet, consectetur adipisicing elit, sed do eiusmod\n  tempor incididunt ut labore et dolore magna aliqua. Ut enim ad minim veniam,\n  quis nostrud exercitation ullamco laboris nisi ut aliquip ex ea commodo\n  consequat. Duis aute irure dolor in reprehenderit in voluptate velit esse\n  cillum dolore eu fugiat nulla pariatur. Excepteur sint occaecat cupidatat non\n  proident, sunt in culpa qui officia deserunt mollit anim id est laborum.</p>\n  <p>Lorem ipsum dolor sit amet, consectetur adipisicing elit, sed do eiusmod\n  tempor incididunt ut labore et dolore magna aliqua. Ut enim ad minim veniam,\n  quis nostrud exercitation ullamco laboris nisi ut aliquip ex ea commodo\n  consequat. Duis aute irure dolor in reprehenderit in voluptate velit esse\n  cillum dolore eu fugiat nulla pariatur. Excepteur sint occaecat cupidatat non\n  proident, sunt in culpa qui officia deserunt mollit anim id est laborum.</p>\n  <blockquote>Lorem ipsum dolor sit amet, consectetur adipisicing elit, sed do eiusmod\n  tempor incididunt ut labore et dolore magna aliqua. Ut enim ad minim veniam,\n  quis nostrud exercitation ullamco laboris nisi ut aliquip ex ea commodo\n  consequat. Duis aute irure dolor in reprehenderit in voluptate velit esse\n  cillum dolore eu fugiat nulla pariatur. Excepteur sint occaecat cupidatat non\n  proident, sunt in culpa qui officia deserunt mollit anim id est laborum.</blockquote>', 'business', '2017-02-05 23:58:10', '2017-02-05 23:58:10', 1),
(3, 'P1-B tax evasion complaint filed vs PH franchisee of Dunkin Donuts', '/images/business/business3.jpg', '<h3>Lorem ipsum dolor sit amet, consectetur adipisicing elit</h3>\n  <p>Lorem ipsum dolor sit amet, consectetur adipisicing elit, sed do eiusmod\n  tempor incididunt ut labore et dolore magna aliqua. Ut enim ad minim veniam,\n  quis nostrud exercitation ullamco laboris nisi ut aliquip ex ea commodo\n  consequat. Duis aute irure dolor in reprehenderit in voluptate velit esse\n  cillum dolore eu fugiat nulla pariatur. Excepteur sint occaecat cupidatat non\n  proident, sunt in culpa qui officia deserunt mollit anim id est laborum.</p>\n  <p>Lorem ipsum dolor sit amet, consectetur adipisicing elit, sed do eiusmod\n  tempor incididunt ut labore et dolore magna aliqua. Ut enim ad minim veniam,\n  quis nostrud exercitation ullamco laboris nisi ut aliquip ex ea commodo\n  consequat. Duis aute irure dolor in reprehenderit in voluptate velit esse\n  cillum dolore eu fugiat nulla pariatur. Excepteur sint occaecat cupidatat non\n  proident, sunt in culpa qui officia deserunt mollit anim id est laborum.</p>\n  <hr>\n  <h3>Lorem ipsum dolor sit amet, consectetur adipisicing elit</h3>\n  <p>Lorem ipsum dolor sit amet, consectetur adipisicing elit, sed do eiusmod\n  tempor incididunt ut labore et dolore magna aliqua. Ut enim ad minim veniam,\n  quis nostrud exercitation ullamco laboris nisi ut aliquip ex ea commodo\n  consequat. Duis aute irure dolor in reprehenderit in voluptate velit esse\n  cillum dolore eu fugiat nulla pariatur. Excepteur sint occaecat cupidatat non\n  proident, sunt in culpa qui officia deserunt mollit anim id est laborum.</p>\n  <p>Lorem ipsum dolor sit amet, consectetur adipisicing elit, sed do eiusmod\n  tempor incididunt ut labore et dolore magna aliqua. Ut enim ad minim veniam,\n  quis nostrud exercitation ullamco laboris nisi ut aliquip ex ea commodo\n  consequat. Duis aute irure dolor in reprehenderit in voluptate velit esse\n  cillum dolore eu fugiat nulla pariatur. Excepteur sint occaecat cupidatat non\n  proident, sunt in culpa qui officia deserunt mollit anim id est laborum.</p>\n  <blockquote>Lorem ipsum dolor sit amet, consectetur adipisicing elit, sed do eiusmod\n  tempor incididunt ut labore et dolore magna aliqua. Ut enim ad minim veniam,\n  quis nostrud exercitation ullamco laboris nisi ut aliquip ex ea commodo\n  consequat. Duis aute irure dolor in reprehenderit in voluptate velit esse\n  cillum dolore eu fugiat nulla pariatur. Excepteur sint occaecat cupidatat non\n  proident, sunt in culpa qui officia deserunt mollit anim id est laborum.</blockquote>', 'business', '2017-07-11 05:17:05', '2017-07-11 05:17:05', 1),
(4, 'NEDA seeks to strengthen trade ties with U.S.', '/images/business/business4.jpg', '<h3>Lorem ipsum dolor sit amet, consectetur adipisicing elit</h3>\n  <p>Lorem ipsum dolor sit amet, consectetur adipisicing elit, sed do eiusmod\n  tempor incididunt ut labore et dolore magna aliqua. Ut enim ad minim veniam,\n  quis nostrud exercitation ullamco laboris nisi ut aliquip ex ea commodo\n  consequat. Duis aute irure dolor in reprehenderit in voluptate velit esse\n  cillum dolore eu fugiat nulla pariatur. Excepteur sint occaecat cupidatat non\n  proident, sunt in culpa qui officia deserunt mollit anim id est laborum.</p>\n  <p>Lorem ipsum dolor sit amet, consectetur adipisicing elit, sed do eiusmod\n  tempor incididunt ut labore et dolore magna aliqua. Ut enim ad minim veniam,\n  quis nostrud exercitation ullamco laboris nisi ut aliquip ex ea commodo\n  consequat. Duis aute irure dolor in reprehenderit in voluptate velit esse\n  cillum dolore eu fugiat nulla pariatur. Excepteur sint occaecat cupidatat non\n  proident, sunt in culpa qui officia deserunt mollit anim id est laborum.</p>\n  <hr>\n  <h3>Lorem ipsum dolor sit amet, consectetur adipisicing elit</h3>\n  <p>Lorem ipsum dolor sit amet, consectetur adipisicing elit, sed do eiusmod\n  tempor incididunt ut labore et dolore magna aliqua. Ut enim ad minim veniam,\n  quis nostrud exercitation ullamco laboris nisi ut aliquip ex ea commodo\n  consequat. Duis aute irure dolor in reprehenderit in voluptate velit esse\n  cillum dolore eu fugiat nulla pariatur. Excepteur sint occaecat cupidatat non\n  proident, sunt in culpa qui officia deserunt mollit anim id est laborum.</p>\n  <p>Lorem ipsum dolor sit amet, consectetur adipisicing elit, sed do eiusmod\n  tempor incididunt ut labore et dolore magna aliqua. Ut enim ad minim veniam,\n  quis nostrud exercitation ullamco laboris nisi ut aliquip ex ea commodo\n  consequat. Duis aute irure dolor in reprehenderit in voluptate velit esse\n  cillum dolore eu fugiat nulla pariatur. Excepteur sint occaecat cupidatat non\n  proident, sunt in culpa qui officia deserunt mollit anim id est laborum.</p>\n  <blockquote>Lorem ipsum dolor sit amet, consectetur adipisicing elit, sed do eiusmod\n  tempor incididunt ut labore et dolore magna aliqua. Ut enim ad minim veniam,\n  quis nostrud exercitation ullamco laboris nisi ut aliquip ex ea commodo\n  consequat. Duis aute irure dolor in reprehenderit in voluptate velit esse\n  cillum dolore eu fugiat nulla pariatur. Excepteur sint occaecat cupidatat non\n  proident, sunt in culpa qui officia deserunt mollit anim id est laborum.</blockquote>', 'business', '2017-01-20 02:34:02', '2017-01-20 02:34:02', 1),
(5, 'BSP to demonetize P100,000 and P2,000 commemorative bills', '/images/business/business5.jpg', '<h3>Lorem ipsum dolor sit amet, consectetur adipisicing elit</h3>\n  <p>Lorem ipsum dolor sit amet, consectetur adipisicing elit, sed do eiusmod\n  tempor incididunt ut labore et dolore magna aliqua. Ut enim ad minim veniam,\n  quis nostrud exercitation ullamco laboris nisi ut aliquip ex ea commodo\n  consequat. Duis aute irure dolor in reprehenderit in voluptate velit esse\n  cillum dolore eu fugiat nulla pariatur. Excepteur sint occaecat cupidatat non\n  proident, sunt in culpa qui officia deserunt mollit anim id est laborum.</p>\n  <p>Lorem ipsum dolor sit amet, consectetur adipisicing elit, sed do eiusmod\n  tempor incididunt ut labore et dolore magna aliqua. Ut enim ad minim veniam,\n  quis nostrud exercitation ullamco laboris nisi ut aliquip ex ea commodo\n  consequat. Duis aute irure dolor in reprehenderit in voluptate velit esse\n  cillum dolore eu fugiat nulla pariatur. Excepteur sint occaecat cupidatat non\n  proident, sunt in culpa qui officia deserunt mollit anim id est laborum.</p>\n  <hr>\n  <h3>Lorem ipsum dolor sit amet, consectetur adipisicing elit</h3>\n  <p>Lorem ipsum dolor sit amet, consectetur adipisicing elit, sed do eiusmod\n  tempor incididunt ut labore et dolore magna aliqua. Ut enim ad minim veniam,\n  quis nostrud exercitation ullamco laboris nisi ut aliquip ex ea commodo\n  consequat. Duis aute irure dolor in reprehenderit in voluptate velit esse\n  cillum dolore eu fugiat nulla pariatur. Excepteur sint occaecat cupidatat non\n  proident, sunt in culpa qui officia deserunt mollit anim id est laborum.</p>\n  <p>Lorem ipsum dolor sit amet, consectetur adipisicing elit, sed do eiusmod\n  tempor incididunt ut labore et dolore magna aliqua. Ut enim ad minim veniam,\n  quis nostrud exercitation ullamco laboris nisi ut aliquip ex ea commodo\n  consequat. Duis aute irure dolor in reprehenderit in voluptate velit esse\n  cillum dolore eu fugiat nulla pariatur. Excepteur sint occaecat cupidatat non\n  proident, sunt in culpa qui officia deserunt mollit anim id est laborum.</p>\n  <blockquote>Lorem ipsum dolor sit amet, consectetur adipisicing elit, sed do eiusmod\n  tempor incididunt ut labore et dolore magna aliqua. Ut enim ad minim veniam,\n  quis nostrud exercitation ullamco laboris nisi ut aliquip ex ea commodo\n  consequat. Duis aute irure dolor in reprehenderit in voluptate velit esse\n  cillum dolore eu fugiat nulla pariatur. Excepteur sint occaecat cupidatat non\n  proident, sunt in culpa qui officia deserunt mollit anim id est laborum.</blockquote>', 'business', '2017-12-05 14:34:03', '2017-12-05 14:34:03', 1),
(6, 'Metro Pacific to slow down on new proposals until toll hikes resolved', '/images/business/business6.jpg', '<h3>Lorem ipsum dolor sit amet, consectetur adipisicing elit</h3>\n  <p>Lorem ipsum dolor sit amet, consectetur adipisicing elit, sed do eiusmod\n  tempor incididunt ut labore et dolore magna aliqua. Ut enim ad minim veniam,\n  quis nostrud exercitation ullamco laboris nisi ut aliquip ex ea commodo\n  consequat. Duis aute irure dolor in reprehenderit in voluptate velit esse\n  cillum dolore eu fugiat nulla pariatur. Excepteur sint occaecat cupidatat non\n  proident, sunt in culpa qui officia deserunt mollit anim id est laborum.</p>\n  <p>Lorem ipsum dolor sit amet, consectetur adipisicing elit, sed do eiusmod\n  tempor incididunt ut labore et dolore magna aliqua. Ut enim ad minim veniam,\n  quis nostrud exercitation ullamco laboris nisi ut aliquip ex ea commodo\n  consequat. Duis aute irure dolor in reprehenderit in voluptate velit esse\n  cillum dolore eu fugiat nulla pariatur. Excepteur sint occaecat cupidatat non\n  proident, sunt in culpa qui officia deserunt mollit anim id est laborum.</p>\n  <hr>\n  <h3>Lorem ipsum dolor sit amet, consectetur adipisicing elit</h3>\n  <p>Lorem ipsum dolor sit amet, consectetur adipisicing elit, sed do eiusmod\n  tempor incididunt ut labore et dolore magna aliqua. Ut enim ad minim veniam,\n  quis nostrud exercitation ullamco laboris nisi ut aliquip ex ea commodo\n  consequat. Duis aute irure dolor in reprehenderit in voluptate velit esse\n  cillum dolore eu fugiat nulla pariatur. Excepteur sint occaecat cupidatat non\n  proident, sunt in culpa qui officia deserunt mollit anim id est laborum.</p>\n  <p>Lorem ipsum dolor sit amet, consectetur adipisicing elit, sed do eiusmod\n  tempor incididunt ut labore et dolore magna aliqua. Ut enim ad minim veniam,\n  quis nostrud exercitation ullamco laboris nisi ut aliquip ex ea commodo\n  consequat. Duis aute irure dolor in reprehenderit in voluptate velit esse\n  cillum dolore eu fugiat nulla pariatur. Excepteur sint occaecat cupidatat non\n  proident, sunt in culpa qui officia deserunt mollit anim id est laborum.</p>\n  <blockquote>Lorem ipsum dolor sit amet, consectetur adipisicing elit, sed do eiusmod\n  tempor incididunt ut labore et dolore magna aliqua. Ut enim ad minim veniam,\n  quis nostrud exercitation ullamco laboris nisi ut aliquip ex ea commodo\n  consequat. Duis aute irure dolor in reprehenderit in voluptate velit esse\n  cillum dolore eu fugiat nulla pariatur. Excepteur sint occaecat cupidatat non\n  proident, sunt in culpa qui officia deserunt mollit anim id est laborum.</blockquote>', 'business', '2017-01-11 12:22:57', '2017-01-11 12:22:57', 1),
(7, 'Meghan Trainor Teases \'No Excuses\' Video & Reveals Single Artwork', '/images/music/music1.jpg', '<h3>Lorem ipsum dolor sit amet, consectetur adipisicing elit</h3>\n  <p>Lorem ipsum dolor sit amet, consectetur adipisicing elit, sed do eiusmod\n  tempor incididunt ut labore et dolore magna aliqua. Ut enim ad minim veniam,\n  quis nostrud exercitation ullamco laboris nisi ut aliquip ex ea commodo\n  consequat. Duis aute irure dolor in reprehenderit in voluptate velit esse\n  cillum dolore eu fugiat nulla pariatur. Excepteur sint occaecat cupidatat non\n  proident, sunt in culpa qui officia deserunt mollit anim id est laborum.</p>\n  <p>Lorem ipsum dolor sit amet, consectetur adipisicing elit, sed do eiusmod\n  tempor incididunt ut labore et dolore magna aliqua. Ut enim ad minim veniam,\n  quis nostrud exercitation ullamco laboris nisi ut aliquip ex ea commodo\n  consequat. Duis aute irure dolor in reprehenderit in voluptate velit esse\n  cillum dolore eu fugiat nulla pariatur. Excepteur sint occaecat cupidatat non\n  proident, sunt in culpa qui officia deserunt mollit anim id est laborum.</p>\n  <hr>\n  <h3>Lorem ipsum dolor sit amet, consectetur adipisicing elit</h3>\n  <p>Lorem ipsum dolor sit amet, consectetur adipisicing elit, sed do eiusmod\n  tempor incididunt ut labore et dolore magna aliqua. Ut enim ad minim veniam,\n  quis nostrud exercitation ullamco laboris nisi ut aliquip ex ea commodo\n  consequat. Duis aute irure dolor in reprehenderit in voluptate velit esse\n  cillum dolore eu fugiat nulla pariatur. Excepteur sint occaecat cupidatat non\n  proident, sunt in culpa qui officia deserunt mollit anim id est laborum.</p>\n  <p>Lorem ipsum dolor sit amet, consectetur adipisicing elit, sed do eiusmod\n  tempor incididunt ut labore et dolore magna aliqua. Ut enim ad minim veniam,\n  quis nostrud exercitation ullamco laboris nisi ut aliquip ex ea commodo\n  consequat. Duis aute irure dolor in reprehenderit in voluptate velit esse\n  cillum dolore eu fugiat nulla pariatur. Excepteur sint occaecat cupidatat non\n  proident, sunt in culpa qui officia deserunt mollit anim id est laborum.</p>\n  <blockquote>Lorem ipsum dolor sit amet, consectetur adipisicing elit, sed do eiusmod\n  tempor incididunt ut labore et dolore magna aliqua. Ut enim ad minim veniam,\n  quis nostrud exercitation ullamco laboris nisi ut aliquip ex ea commodo\n  consequat. Duis aute irure dolor in reprehenderit in voluptate velit esse\n  cillum dolore eu fugiat nulla pariatur. Excepteur sint occaecat cupidatat non\n  proident, sunt in culpa qui officia deserunt mollit anim id est laborum.</blockquote>', 'music', '2017-09-27 00:55:19', '2017-09-27 00:55:19', 1),
(8, 'Donald Glover on How Making FX\'s \'Atlanta\' Is Like Producing a Record', '/images/music/music2.jpg', '<h3>Lorem ipsum dolor sit amet, consectetur adipisicing elit</h3>\n  <p>Lorem ipsum dolor sit amet, consectetur adipisicing elit, sed do eiusmod\n  tempor incididunt ut labore et dolore magna aliqua. Ut enim ad minim veniam,\n  quis nostrud exercitation ullamco laboris nisi ut aliquip ex ea commodo\n  consequat. Duis aute irure dolor in reprehenderit in voluptate velit esse\n  cillum dolore eu fugiat nulla pariatur. Excepteur sint occaecat cupidatat non\n  proident, sunt in culpa qui officia deserunt mollit anim id est laborum.</p>\n  <p>Lorem ipsum dolor sit amet, consectetur adipisicing elit, sed do eiusmod\n  tempor incididunt ut labore et dolore magna aliqua. Ut enim ad minim veniam,\n  quis nostrud exercitation ullamco laboris nisi ut aliquip ex ea commodo\n  consequat. Duis aute irure dolor in reprehenderit in voluptate velit esse\n  cillum dolore eu fugiat nulla pariatur. Excepteur sint occaecat cupidatat non\n  proident, sunt in culpa qui officia deserunt mollit anim id est laborum.</p>\n  <hr>\n  <h3>Lorem ipsum dolor sit amet, consectetur adipisicing elit</h3>\n  <p>Lorem ipsum dolor sit amet, consectetur adipisicing elit, sed do eiusmod\n  tempor incididunt ut labore et dolore magna aliqua. Ut enim ad minim veniam,\n  quis nostrud exercitation ullamco laboris nisi ut aliquip ex ea commodo\n  consequat. Duis aute irure dolor in reprehenderit in voluptate velit esse\n  cillum dolore eu fugiat nulla pariatur. Excepteur sint occaecat cupidatat non\n  proident, sunt in culpa qui officia deserunt mollit anim id est laborum.</p>\n  <p>Lorem ipsum dolor sit amet, consectetur adipisicing elit, sed do eiusmod\n  tempor incididunt ut labore et dolore magna aliqua. Ut enim ad minim veniam,\n  quis nostrud exercitation ullamco laboris nisi ut aliquip ex ea commodo\n  consequat. Duis aute irure dolor in reprehenderit in voluptate velit esse\n  cillum dolore eu fugiat nulla pariatur. Excepteur sint occaecat cupidatat non\n  proident, sunt in culpa qui officia deserunt mollit anim id est laborum.</p>\n  <blockquote>Lorem ipsum dolor sit amet, consectetur adipisicing elit, sed do eiusmod\n  tempor incididunt ut labore et dolore magna aliqua. Ut enim ad minim veniam,\n  quis nostrud exercitation ullamco laboris nisi ut aliquip ex ea commodo\n  consequat. Duis aute irure dolor in reprehenderit in voluptate velit esse\n  cillum dolore eu fugiat nulla pariatur. Excepteur sint occaecat cupidatat non\n  proident, sunt in culpa qui officia deserunt mollit anim id est laborum.</blockquote>', 'music', '2017-04-01 01:36:41', '2017-04-01 01:36:41', 1),
(9, 'Britney Spears Gives Frank Sinatra\'s \'New York, New York\' a Snapchat Filtered Remix: Watch', '/images/music/music3.jpg', '<h3>Lorem ipsum dolor sit amet, consectetur adipisicing elit</h3>\n  <p>Lorem ipsum dolor sit amet, consectetur adipisicing elit, sed do eiusmod\n  tempor incididunt ut labore et dolore magna aliqua. Ut enim ad minim veniam,\n  quis nostrud exercitation ullamco laboris nisi ut aliquip ex ea commodo\n  consequat. Duis aute irure dolor in reprehenderit in voluptate velit esse\n  cillum dolore eu fugiat nulla pariatur. Excepteur sint occaecat cupidatat non\n  proident, sunt in culpa qui officia deserunt mollit anim id est laborum.</p>\n  <p>Lorem ipsum dolor sit amet, consectetur adipisicing elit, sed do eiusmod\n  tempor incididunt ut labore et dolore magna aliqua. Ut enim ad minim veniam,\n  quis nostrud exercitation ullamco laboris nisi ut aliquip ex ea commodo\n  consequat. Duis aute irure dolor in reprehenderit in voluptate velit esse\n  cillum dolore eu fugiat nulla pariatur. Excepteur sint occaecat cupidatat non\n  proident, sunt in culpa qui officia deserunt mollit anim id est laborum.</p>\n  <hr>\n  <h3>Lorem ipsum dolor sit amet, consectetur adipisicing elit</h3>\n  <p>Lorem ipsum dolor sit amet, consectetur adipisicing elit, sed do eiusmod\n  tempor incididunt ut labore et dolore magna aliqua. Ut enim ad minim veniam,\n  quis nostrud exercitation ullamco laboris nisi ut aliquip ex ea commodo\n  consequat. Duis aute irure dolor in reprehenderit in voluptate velit esse\n  cillum dolore eu fugiat nulla pariatur. Excepteur sint occaecat cupidatat non\n  proident, sunt in culpa qui officia deserunt mollit anim id est laborum.</p>\n  <p>Lorem ipsum dolor sit amet, consectetur adipisicing elit, sed do eiusmod\n  tempor incididunt ut labore et dolore magna aliqua. Ut enim ad minim veniam,\n  quis nostrud exercitation ullamco laboris nisi ut aliquip ex ea commodo\n  consequat. Duis aute irure dolor in reprehenderit in voluptate velit esse\n  cillum dolore eu fugiat nulla pariatur. Excepteur sint occaecat cupidatat non\n  proident, sunt in culpa qui officia deserunt mollit anim id est laborum.</p>\n  <blockquote>Lorem ipsum dolor sit amet, consectetur adipisicing elit, sed do eiusmod\n  tempor incididunt ut labore et dolore magna aliqua. Ut enim ad minim veniam,\n  quis nostrud exercitation ullamco laboris nisi ut aliquip ex ea commodo\n  consequat. Duis aute irure dolor in reprehenderit in voluptate velit esse\n  cillum dolore eu fugiat nulla pariatur. Excepteur sint occaecat cupidatat non\n  proident, sunt in culpa qui officia deserunt mollit anim id est laborum.</blockquote>', 'music', '2017-02-20 15:56:20', '2017-02-20 15:56:20', 1),
(10, 'Ed Sheeran to Open \'Divide\' Pop-Up Stores In Australia', '/images/music/music4.jpg', '<h3>Lorem ipsum dolor sit amet, consectetur adipisicing elit</h3>\n  <p>Lorem ipsum dolor sit amet, consectetur adipisicing elit, sed do eiusmod\n  tempor incididunt ut labore et dolore magna aliqua. Ut enim ad minim veniam,\n  quis nostrud exercitation ullamco laboris nisi ut aliquip ex ea commodo\n  consequat. Duis aute irure dolor in reprehenderit in voluptate velit esse\n  cillum dolore eu fugiat nulla pariatur. Excepteur sint occaecat cupidatat non\n  proident, sunt in culpa qui officia deserunt mollit anim id est laborum.</p>\n  <p>Lorem ipsum dolor sit amet, consectetur adipisicing elit, sed do eiusmod\n  tempor incididunt ut labore et dolore magna aliqua. Ut enim ad minim veniam,\n  quis nostrud exercitation ullamco laboris nisi ut aliquip ex ea commodo\n  consequat. Duis aute irure dolor in reprehenderit in voluptate velit esse\n  cillum dolore eu fugiat nulla pariatur. Excepteur sint occaecat cupidatat non\n  proident, sunt in culpa qui officia deserunt mollit anim id est laborum.</p>\n  <hr>\n  <h3>Lorem ipsum dolor sit amet, consectetur adipisicing elit</h3>\n  <p>Lorem ipsum dolor sit amet, consectetur adipisicing elit, sed do eiusmod\n  tempor incididunt ut labore et dolore magna aliqua. Ut enim ad minim veniam,\n  quis nostrud exercitation ullamco laboris nisi ut aliquip ex ea commodo\n  consequat. Duis aute irure dolor in reprehenderit in voluptate velit esse\n  cillum dolore eu fugiat nulla pariatur. Excepteur sint occaecat cupidatat non\n  proident, sunt in culpa qui officia deserunt mollit anim id est laborum.</p>\n  <p>Lorem ipsum dolor sit amet, consectetur adipisicing elit, sed do eiusmod\n  tempor incididunt ut labore et dolore magna aliqua. Ut enim ad minim veniam,\n  quis nostrud exercitation ullamco laboris nisi ut aliquip ex ea commodo\n  consequat. Duis aute irure dolor in reprehenderit in voluptate velit esse\n  cillum dolore eu fugiat nulla pariatur. Excepteur sint occaecat cupidatat non\n  proident, sunt in culpa qui officia deserunt mollit anim id est laborum.</p>\n  <blockquote>Lorem ipsum dolor sit amet, consectetur adipisicing elit, sed do eiusmod\n  tempor incididunt ut labore et dolore magna aliqua. Ut enim ad minim veniam,\n  quis nostrud exercitation ullamco laboris nisi ut aliquip ex ea commodo\n  consequat. Duis aute irure dolor in reprehenderit in voluptate velit esse\n  cillum dolore eu fugiat nulla pariatur. Excepteur sint occaecat cupidatat non\n  proident, sunt in culpa qui officia deserunt mollit anim id est laborum.</blockquote>', 'music', '2017-10-08 15:49:37', '2017-10-08 15:49:37', 1),
(11, 'The Voice\' Recap: Kelly Clarkson Makes Her Coaching Debut', '/images/music/music5.jpg', '<h3>Lorem ipsum dolor sit amet, consectetur adipisicing elit</h3>\n  <p>Lorem ipsum dolor sit amet, consectetur adipisicing elit, sed do eiusmod\n  tempor incididunt ut labore et dolore magna aliqua. Ut enim ad minim veniam,\n  quis nostrud exercitation ullamco laboris nisi ut aliquip ex ea commodo\n  consequat. Duis aute irure dolor in reprehenderit in voluptate velit esse\n  cillum dolore eu fugiat nulla pariatur. Excepteur sint occaecat cupidatat non\n  proident, sunt in culpa qui officia deserunt mollit anim id est laborum.</p>\n  <p>Lorem ipsum dolor sit amet, consectetur adipisicing elit, sed do eiusmod\n  tempor incididunt ut labore et dolore magna aliqua. Ut enim ad minim veniam,\n  quis nostrud exercitation ullamco laboris nisi ut aliquip ex ea commodo\n  consequat. Duis aute irure dolor in reprehenderit in voluptate velit esse\n  cillum dolore eu fugiat nulla pariatur. Excepteur sint occaecat cupidatat non\n  proident, sunt in culpa qui officia deserunt mollit anim id est laborum.</p>\n  <hr>\n  <h3>Lorem ipsum dolor sit amet, consectetur adipisicing elit</h3>\n  <p>Lorem ipsum dolor sit amet, consectetur adipisicing elit, sed do eiusmod\n  tempor incididunt ut labore et dolore magna aliqua. Ut enim ad minim veniam,\n  quis nostrud exercitation ullamco laboris nisi ut aliquip ex ea commodo\n  consequat. Duis aute irure dolor in reprehenderit in voluptate velit esse\n  cillum dolore eu fugiat nulla pariatur. Excepteur sint occaecat cupidatat non\n  proident, sunt in culpa qui officia deserunt mollit anim id est laborum.</p>\n  <p>Lorem ipsum dolor sit amet, consectetur adipisicing elit, sed do eiusmod\n  tempor incididunt ut labore et dolore magna aliqua. Ut enim ad minim veniam,\n  quis nostrud exercitation ullamco laboris nisi ut aliquip ex ea commodo\n  consequat. Duis aute irure dolor in reprehenderit in voluptate velit esse\n  cillum dolore eu fugiat nulla pariatur. Excepteur sint occaecat cupidatat non\n  proident, sunt in culpa qui officia deserunt mollit anim id est laborum.</p>\n  <blockquote>Lorem ipsum dolor sit amet, consectetur adipisicing elit, sed do eiusmod\n  tempor incididunt ut labore et dolore magna aliqua. Ut enim ad minim veniam,\n  quis nostrud exercitation ullamco laboris nisi ut aliquip ex ea commodo\n  consequat. Duis aute irure dolor in reprehenderit in voluptate velit esse\n  cillum dolore eu fugiat nulla pariatur. Excepteur sint occaecat cupidatat non\n  proident, sunt in culpa qui officia deserunt mollit anim id est laborum.</blockquote>', 'music', '2017-12-07 09:11:11', '2017-12-07 09:11:11', 1),
(12, 'Kelly Clarkson\'s Husband Isn\'t Picking a Side on \'The Voice\'', '/images/music/music6.jpg', '<h3>Lorem ipsum dolor sit amet, consectetur adipisicing elit</h3>\n  <p>Lorem ipsum dolor sit amet, consectetur adipisicing elit, sed do eiusmod\n  tempor incididunt ut labore et dolore magna aliqua. Ut enim ad minim veniam,\n  quis nostrud exercitation ullamco laboris nisi ut aliquip ex ea commodo\n  consequat. Duis aute irure dolor in reprehenderit in voluptate velit esse\n  cillum dolore eu fugiat nulla pariatur. Excepteur sint occaecat cupidatat non\n  proident, sunt in culpa qui officia deserunt mollit anim id est laborum.</p>\n  <p>Lorem ipsum dolor sit amet, consectetur adipisicing elit, sed do eiusmod\n  tempor incididunt ut labore et dolore magna aliqua. Ut enim ad minim veniam,\n  quis nostrud exercitation ullamco laboris nisi ut aliquip ex ea commodo\n  consequat. Duis aute irure dolor in reprehenderit in voluptate velit esse\n  cillum dolore eu fugiat nulla pariatur. Excepteur sint occaecat cupidatat non\n  proident, sunt in culpa qui officia deserunt mollit anim id est laborum.</p>\n  <hr>\n  <h3>Lorem ipsum dolor sit amet, consectetur adipisicing elit</h3>\n  <p>Lorem ipsum dolor sit amet, consectetur adipisicing elit, sed do eiusmod\n  tempor incididunt ut labore et dolore magna aliqua. Ut enim ad minim veniam,\n  quis nostrud exercitation ullamco laboris nisi ut aliquip ex ea commodo\n  consequat. Duis aute irure dolor in reprehenderit in voluptate velit esse\n  cillum dolore eu fugiat nulla pariatur. Excepteur sint occaecat cupidatat non\n  proident, sunt in culpa qui officia deserunt mollit anim id est laborum.</p>\n  <p>Lorem ipsum dolor sit amet, consectetur adipisicing elit, sed do eiusmod\n  tempor incididunt ut labore et dolore magna aliqua. Ut enim ad minim veniam,\n  quis nostrud exercitation ullamco laboris nisi ut aliquip ex ea commodo\n  consequat. Duis aute irure dolor in reprehenderit in voluptate velit esse\n  cillum dolore eu fugiat nulla pariatur. Excepteur sint occaecat cupidatat non\n  proident, sunt in culpa qui officia deserunt mollit anim id est laborum.</p>\n  <blockquote>Lorem ipsum dolor sit amet, consectetur adipisicing elit, sed do eiusmod\n  tempor incididunt ut labore et dolore magna aliqua. Ut enim ad minim veniam,\n  quis nostrud exercitation ullamco laboris nisi ut aliquip ex ea commodo\n  consequat. Duis aute irure dolor in reprehenderit in voluptate velit esse\n  cillum dolore eu fugiat nulla pariatur. Excepteur sint occaecat cupidatat non\n  proident, sunt in culpa qui officia deserunt mollit anim id est laborum.</blockquote>', 'music', '2017-02-17 15:25:52', '2017-02-17 15:25:52', 1),
(13, 'Black Panther Still Roaring Atop The US Box Office', '/images/movies/movies1.jpg', '<h3>Lorem ipsum dolor sit amet, consectetur adipisicing elit</h3>\n  <p>Lorem ipsum dolor sit amet, consectetur adipisicing elit, sed do eiusmod\n  tempor incididunt ut labore et dolore magna aliqua. Ut enim ad minim veniam,\n  quis nostrud exercitation ullamco laboris nisi ut aliquip ex ea commodo\n  consequat. Duis aute irure dolor in reprehenderit in voluptate velit esse\n  cillum dolore eu fugiat nulla pariatur. Excepteur sint occaecat cupidatat non\n  proident, sunt in culpa qui officia deserunt mollit anim id est laborum.</p>\n  <p>Lorem ipsum dolor sit amet, consectetur adipisicing elit, sed do eiusmod\n  tempor incididunt ut labore et dolore magna aliqua. Ut enim ad minim veniam,\n  quis nostrud exercitation ullamco laboris nisi ut aliquip ex ea commodo\n  consequat. Duis aute irure dolor in reprehenderit in voluptate velit esse\n  cillum dolore eu fugiat nulla pariatur. Excepteur sint occaecat cupidatat non\n  proident, sunt in culpa qui officia deserunt mollit anim id est laborum.</p>\n  <hr>\n  <h3>Lorem ipsum dolor sit amet, consectetur adipisicing elit</h3>\n  <p>Lorem ipsum dolor sit amet, consectetur adipisicing elit, sed do eiusmod\n  tempor incididunt ut labore et dolore magna aliqua. Ut enim ad minim veniam,\n  quis nostrud exercitation ullamco laboris nisi ut aliquip ex ea commodo\n  consequat. Duis aute irure dolor in reprehenderit in voluptate velit esse\n  cillum dolore eu fugiat nulla pariatur. Excepteur sint occaecat cupidatat non\n  proident, sunt in culpa qui officia deserunt mollit anim id est laborum.</p>\n  <p>Lorem ipsum dolor sit amet, consectetur adipisicing elit, sed do eiusmod\n  tempor incididunt ut labore et dolore magna aliqua. Ut enim ad minim veniam,\n  quis nostrud exercitation ullamco laboris nisi ut aliquip ex ea commodo\n  consequat. Duis aute irure dolor in reprehenderit in voluptate velit esse\n  cillum dolore eu fugiat nulla pariatur. Excepteur sint occaecat cupidatat non\n  proident, sunt in culpa qui officia deserunt mollit anim id est laborum.</p>\n  <blockquote>Lorem ipsum dolor sit amet, consectetur adipisicing elit, sed do eiusmod\n  tempor incididunt ut labore et dolore magna aliqua. Ut enim ad minim veniam,\n  quis nostrud exercitation ullamco laboris nisi ut aliquip ex ea commodo\n  consequat. Duis aute irure dolor in reprehenderit in voluptate velit esse\n  cillum dolore eu fugiat nulla pariatur. Excepteur sint occaecat cupidatat non\n  proident, sunt in culpa qui officia deserunt mollit anim id est laborum.</blockquote>', 'movies', '2017-06-10 22:54:50', '2017-06-10 22:54:50', 1),
(14, 'Spielberg Takeover: Former Child Actors on How Steven Spielberg Changed Their Lives', '/images/movies/movies2.jpg', '<h3>Lorem ipsum dolor sit amet, consectetur adipisicing elit</h3>\n  <p>Lorem ipsum dolor sit amet, consectetur adipisicing elit, sed do eiusmod\n  tempor incididunt ut labore et dolore magna aliqua. Ut enim ad minim veniam,\n  quis nostrud exercitation ullamco laboris nisi ut aliquip ex ea commodo\n  consequat. Duis aute irure dolor in reprehenderit in voluptate velit esse\n  cillum dolore eu fugiat nulla pariatur. Excepteur sint occaecat cupidatat non\n  proident, sunt in culpa qui officia deserunt mollit anim id est laborum.</p>\n  <p>Lorem ipsum dolor sit amet, consectetur adipisicing elit, sed do eiusmod\n  tempor incididunt ut labore et dolore magna aliqua. Ut enim ad minim veniam,\n  quis nostrud exercitation ullamco laboris nisi ut aliquip ex ea commodo\n  consequat. Duis aute irure dolor in reprehenderit in voluptate velit esse\n  cillum dolore eu fugiat nulla pariatur. Excepteur sint occaecat cupidatat non\n  proident, sunt in culpa qui officia deserunt mollit anim id est laborum.</p>\n  <hr>\n  <h3>Lorem ipsum dolor sit amet, consectetur adipisicing elit</h3>\n  <p>Lorem ipsum dolor sit amet, consectetur adipisicing elit, sed do eiusmod\n  tempor incididunt ut labore et dolore magna aliqua. Ut enim ad minim veniam,\n  quis nostrud exercitation ullamco laboris nisi ut aliquip ex ea commodo\n  consequat. Duis aute irure dolor in reprehenderit in voluptate velit esse\n  cillum dolore eu fugiat nulla pariatur. Excepteur sint occaecat cupidatat non\n  proident, sunt in culpa qui officia deserunt mollit anim id est laborum.</p>\n  <p>Lorem ipsum dolor sit amet, consectetur adipisicing elit, sed do eiusmod\n  tempor incididunt ut labore et dolore magna aliqua. Ut enim ad minim veniam,\n  quis nostrud exercitation ullamco laboris nisi ut aliquip ex ea commodo\n  consequat. Duis aute irure dolor in reprehenderit in voluptate velit esse\n  cillum dolore eu fugiat nulla pariatur. Excepteur sint occaecat cupidatat non\n  proident, sunt in culpa qui officia deserunt mollit anim id est laborum.</p>\n  <blockquote>Lorem ipsum dolor sit amet, consectetur adipisicing elit, sed do eiusmod\n  tempor incididunt ut labore et dolore magna aliqua. Ut enim ad minim veniam,\n  quis nostrud exercitation ullamco laboris nisi ut aliquip ex ea commodo\n  consequat. Duis aute irure dolor in reprehenderit in voluptate velit esse\n  cillum dolore eu fugiat nulla pariatur. Excepteur sint occaecat cupidatat non\n  proident, sunt in culpa qui officia deserunt mollit anim id est laborum.</blockquote>', 'movies', '2017-12-12 05:53:59', '2017-12-12 05:53:59', 1),
(15, 'Cloverfield Paradox Empire Podcast Spoiler Special with JJ Abrams and Julius Onah', '/images/movies/movies3.jpg', '<h3>Lorem ipsum dolor sit amet, consectetur adipisicing elit</h3>\n  <p>Lorem ipsum dolor sit amet, consectetur adipisicing elit, sed do eiusmod\n  tempor incididunt ut labore et dolore magna aliqua. Ut enim ad minim veniam,\n  quis nostrud exercitation ullamco laboris nisi ut aliquip ex ea commodo\n  consequat. Duis aute irure dolor in reprehenderit in voluptate velit esse\n  cillum dolore eu fugiat nulla pariatur. Excepteur sint occaecat cupidatat non\n  proident, sunt in culpa qui officia deserunt mollit anim id est laborum.</p>\n  <p>Lorem ipsum dolor sit amet, consectetur adipisicing elit, sed do eiusmod\n  tempor incididunt ut labore et dolore magna aliqua. Ut enim ad minim veniam,\n  quis nostrud exercitation ullamco laboris nisi ut aliquip ex ea commodo\n  consequat. Duis aute irure dolor in reprehenderit in voluptate velit esse\n  cillum dolore eu fugiat nulla pariatur. Excepteur sint occaecat cupidatat non\n  proident, sunt in culpa qui officia deserunt mollit anim id est laborum.</p>\n  <hr>\n  <h3>Lorem ipsum dolor sit amet, consectetur adipisicing elit</h3>\n  <p>Lorem ipsum dolor sit amet, consectetur adipisicing elit, sed do eiusmod\n  tempor incididunt ut labore et dolore magna aliqua. Ut enim ad minim veniam,\n  quis nostrud exercitation ullamco laboris nisi ut aliquip ex ea commodo\n  consequat. Duis aute irure dolor in reprehenderit in voluptate velit esse\n  cillum dolore eu fugiat nulla pariatur. Excepteur sint occaecat cupidatat non\n  proident, sunt in culpa qui officia deserunt mollit anim id est laborum.</p>\n  <p>Lorem ipsum dolor sit amet, consectetur adipisicing elit, sed do eiusmod\n  tempor incididunt ut labore et dolore magna aliqua. Ut enim ad minim veniam,\n  quis nostrud exercitation ullamco laboris nisi ut aliquip ex ea commodo\n  consequat. Duis aute irure dolor in reprehenderit in voluptate velit esse\n  cillum dolore eu fugiat nulla pariatur. Excepteur sint occaecat cupidatat non\n  proident, sunt in culpa qui officia deserunt mollit anim id est laborum.</p>\n  <blockquote>Lorem ipsum dolor sit amet, consectetur adipisicing elit, sed do eiusmod\n  tempor incididunt ut labore et dolore magna aliqua. Ut enim ad minim veniam,\n  quis nostrud exercitation ullamco laboris nisi ut aliquip ex ea commodo\n  consequat. Duis aute irure dolor in reprehenderit in voluptate velit esse\n  cillum dolore eu fugiat nulla pariatur. Excepteur sint occaecat cupidatat non\n  proident, sunt in culpa qui officia deserunt mollit anim id est laborum.</blockquote>', 'movies', '2017-06-15 08:06:36', '2017-06-15 08:06:36', 1),
(16, 'The Punisher Season 2: Josh Stewart And Floriana Lima Recruited', '/images/movies/movies4.jpg', '<h3>Lorem ipsum dolor sit amet, consectetur adipisicing elit</h3>\n  <p>Lorem ipsum dolor sit amet, consectetur adipisicing elit, sed do eiusmod\n  tempor incididunt ut labore et dolore magna aliqua. Ut enim ad minim veniam,\n  quis nostrud exercitation ullamco laboris nisi ut aliquip ex ea commodo\n  consequat. Duis aute irure dolor in reprehenderit in voluptate velit esse\n  cillum dolore eu fugiat nulla pariatur. Excepteur sint occaecat cupidatat non\n  proident, sunt in culpa qui officia deserunt mollit anim id est laborum.</p>\n  <p>Lorem ipsum dolor sit amet, consectetur adipisicing elit, sed do eiusmod\n  tempor incididunt ut labore et dolore magna aliqua. Ut enim ad minim veniam,\n  quis nostrud exercitation ullamco laboris nisi ut aliquip ex ea commodo\n  consequat. Duis aute irure dolor in reprehenderit in voluptate velit esse\n  cillum dolore eu fugiat nulla pariatur. Excepteur sint occaecat cupidatat non\n  proident, sunt in culpa qui officia deserunt mollit anim id est laborum.</p>\n  <hr>\n  <h3>Lorem ipsum dolor sit amet, consectetur adipisicing elit</h3>\n  <p>Lorem ipsum dolor sit amet, consectetur adipisicing elit, sed do eiusmod\n  tempor incididunt ut labore et dolore magna aliqua. Ut enim ad minim veniam,\n  quis nostrud exercitation ullamco laboris nisi ut aliquip ex ea commodo\n  consequat. Duis aute irure dolor in reprehenderit in voluptate velit esse\n  cillum dolore eu fugiat nulla pariatur. Excepteur sint occaecat cupidatat non\n  proident, sunt in culpa qui officia deserunt mollit anim id est laborum.</p>\n  <p>Lorem ipsum dolor sit amet, consectetur adipisicing elit, sed do eiusmod\n  tempor incididunt ut labore et dolore magna aliqua. Ut enim ad minim veniam,\n  quis nostrud exercitation ullamco laboris nisi ut aliquip ex ea commodo\n  consequat. Duis aute irure dolor in reprehenderit in voluptate velit esse\n  cillum dolore eu fugiat nulla pariatur. Excepteur sint occaecat cupidatat non\n  proident, sunt in culpa qui officia deserunt mollit anim id est laborum.</p>\n  <blockquote>Lorem ipsum dolor sit amet, consectetur adipisicing elit, sed do eiusmod\n  tempor incididunt ut labore et dolore magna aliqua. Ut enim ad minim veniam,\n  quis nostrud exercitation ullamco laboris nisi ut aliquip ex ea commodo\n  consequat. Duis aute irure dolor in reprehenderit in voluptate velit esse\n  cillum dolore eu fugiat nulla pariatur. Excepteur sint occaecat cupidatat non\n  proident, sunt in culpa qui officia deserunt mollit anim id est laborum.</blockquote>', 'movies', '2017-05-11 23:52:03', '2017-05-11 23:52:03', 1),
(17, 'Gemma Chan Joins Captain Marvel', '/images/movies/movies5.jpg', '<h3>Lorem ipsum dolor sit amet, consectetur adipisicing elit</h3>\n  <p>Lorem ipsum dolor sit amet, consectetur adipisicing elit, sed do eiusmod\n  tempor incididunt ut labore et dolore magna aliqua. Ut enim ad minim veniam,\n  quis nostrud exercitation ullamco laboris nisi ut aliquip ex ea commodo\n  consequat. Duis aute irure dolor in reprehenderit in voluptate velit esse\n  cillum dolore eu fugiat nulla pariatur. Excepteur sint occaecat cupidatat non\n  proident, sunt in culpa qui officia deserunt mollit anim id est laborum.</p>\n  <p>Lorem ipsum dolor sit amet, consectetur adipisicing elit, sed do eiusmod\n  tempor incididunt ut labore et dolore magna aliqua. Ut enim ad minim veniam,\n  quis nostrud exercitation ullamco laboris nisi ut aliquip ex ea commodo\n  consequat. Duis aute irure dolor in reprehenderit in voluptate velit esse\n  cillum dolore eu fugiat nulla pariatur. Excepteur sint occaecat cupidatat non\n  proident, sunt in culpa qui officia deserunt mollit anim id est laborum.</p>\n  <hr>\n  <h3>Lorem ipsum dolor sit amet, consectetur adipisicing elit</h3>\n  <p>Lorem ipsum dolor sit amet, consectetur adipisicing elit, sed do eiusmod\n  tempor incididunt ut labore et dolore magna aliqua. Ut enim ad minim veniam,\n  quis nostrud exercitation ullamco laboris nisi ut aliquip ex ea commodo\n  consequat. Duis aute irure dolor in reprehenderit in voluptate velit esse\n  cillum dolore eu fugiat nulla pariatur. Excepteur sint occaecat cupidatat non\n  proident, sunt in culpa qui officia deserunt mollit anim id est laborum.</p>\n  <p>Lorem ipsum dolor sit amet, consectetur adipisicing elit, sed do eiusmod\n  tempor incididunt ut labore et dolore magna aliqua. Ut enim ad minim veniam,\n  quis nostrud exercitation ullamco laboris nisi ut aliquip ex ea commodo\n  consequat. Duis aute irure dolor in reprehenderit in voluptate velit esse\n  cillum dolore eu fugiat nulla pariatur. Excepteur sint occaecat cupidatat non\n  proident, sunt in culpa qui officia deserunt mollit anim id est laborum.</p>\n  <blockquote>Lorem ipsum dolor sit amet, consectetur adipisicing elit, sed do eiusmod\n  tempor incididunt ut labore et dolore magna aliqua. Ut enim ad minim veniam,\n  quis nostrud exercitation ullamco laboris nisi ut aliquip ex ea commodo\n  consequat. Duis aute irure dolor in reprehenderit in voluptate velit esse\n  cillum dolore eu fugiat nulla pariatur. Excepteur sint occaecat cupidatat non\n  proident, sunt in culpa qui officia deserunt mollit anim id est laborum.</blockquote>', 'movies', '2017-09-02 04:34:02', '2017-09-02 04:34:02', 1),
(18, 'Antoine Fuqua Again Looking To Direct The New Scarface', '/images/movies/movies6.jpg', '<h3>Lorem ipsum dolor sit amet, consectetur adipisicing elit</h3>\n  <p>Lorem ipsum dolor sit amet, consectetur adipisicing elit, sed do eiusmod\n  tempor incididunt ut labore et dolore magna aliqua. Ut enim ad minim veniam,\n  quis nostrud exercitation ullamco laboris nisi ut aliquip ex ea commodo\n  consequat. Duis aute irure dolor in reprehenderit in voluptate velit esse\n  cillum dolore eu fugiat nulla pariatur. Excepteur sint occaecat cupidatat non\n  proident, sunt in culpa qui officia deserunt mollit anim id est laborum.</p>\n  <p>Lorem ipsum dolor sit amet, consectetur adipisicing elit, sed do eiusmod\n  tempor incididunt ut labore et dolore magna aliqua. Ut enim ad minim veniam,\n  quis nostrud exercitation ullamco laboris nisi ut aliquip ex ea commodo\n  consequat. Duis aute irure dolor in reprehenderit in voluptate velit esse\n  cillum dolore eu fugiat nulla pariatur. Excepteur sint occaecat cupidatat non\n  proident, sunt in culpa qui officia deserunt mollit anim id est laborum.</p>\n  <hr>\n  <h3>Lorem ipsum dolor sit amet, consectetur adipisicing elit</h3>\n  <p>Lorem ipsum dolor sit amet, consectetur adipisicing elit, sed do eiusmod\n  tempor incididunt ut labore et dolore magna aliqua. Ut enim ad minim veniam,\n  quis nostrud exercitation ullamco laboris nisi ut aliquip ex ea commodo\n  consequat. Duis aute irure dolor in reprehenderit in voluptate velit esse\n  cillum dolore eu fugiat nulla pariatur. Excepteur sint occaecat cupidatat non\n  proident, sunt in culpa qui officia deserunt mollit anim id est laborum.</p>\n  <p>Lorem ipsum dolor sit amet, consectetur adipisicing elit, sed do eiusmod\n  tempor incididunt ut labore et dolore magna aliqua. Ut enim ad minim veniam,\n  quis nostrud exercitation ullamco laboris nisi ut aliquip ex ea commodo\n  consequat. Duis aute irure dolor in reprehenderit in voluptate velit esse\n  cillum dolore eu fugiat nulla pariatur. Excepteur sint occaecat cupidatat non\n  proident, sunt in culpa qui officia deserunt mollit anim id est laborum.</p>\n  <blockquote>Lorem ipsum dolor sit amet, consectetur adipisicing elit, sed do eiusmod\n  tempor incididunt ut labore et dolore magna aliqua. Ut enim ad minim veniam,\n  quis nostrud exercitation ullamco laboris nisi ut aliquip ex ea commodo\n  consequat. Duis aute irure dolor in reprehenderit in voluptate velit esse\n  cillum dolore eu fugiat nulla pariatur. Excepteur sint occaecat cupidatat non\n  proident, sunt in culpa qui officia deserunt mollit anim id est laborum.</blockquote>', 'movies', '2017-04-07 09:19:06', '2017-04-07 09:19:06', 1);
INSERT INTO `articles` (`id`, `title`, `image`, `content`, `category`, `created_at`, `updated_at`, `user_id`) VALUES
(19, 'Happy Skin launches its own skincare line', '/images/lifestyle/lifestyle1.jpg', '<h3>Lorem ipsum dolor sit amet, consectetur adipisicing elit</h3>\n  <p>Lorem ipsum dolor sit amet, consectetur adipisicing elit, sed do eiusmod\n  tempor incididunt ut labore et dolore magna aliqua. Ut enim ad minim veniam,\n  quis nostrud exercitation ullamco laboris nisi ut aliquip ex ea commodo\n  consequat. Duis aute irure dolor in reprehenderit in voluptate velit esse\n  cillum dolore eu fugiat nulla pariatur. Excepteur sint occaecat cupidatat non\n  proident, sunt in culpa qui officia deserunt mollit anim id est laborum.</p>\n  <p>Lorem ipsum dolor sit amet, consectetur adipisicing elit, sed do eiusmod\n  tempor incididunt ut labore et dolore magna aliqua. Ut enim ad minim veniam,\n  quis nostrud exercitation ullamco laboris nisi ut aliquip ex ea commodo\n  consequat. Duis aute irure dolor in reprehenderit in voluptate velit esse\n  cillum dolore eu fugiat nulla pariatur. Excepteur sint occaecat cupidatat non\n  proident, sunt in culpa qui officia deserunt mollit anim id est laborum.</p>\n  <hr>\n  <h3>Lorem ipsum dolor sit amet, consectetur adipisicing elit</h3>\n  <p>Lorem ipsum dolor sit amet, consectetur adipisicing elit, sed do eiusmod\n  tempor incididunt ut labore et dolore magna aliqua. Ut enim ad minim veniam,\n  quis nostrud exercitation ullamco laboris nisi ut aliquip ex ea commodo\n  consequat. Duis aute irure dolor in reprehenderit in voluptate velit esse\n  cillum dolore eu fugiat nulla pariatur. Excepteur sint occaecat cupidatat non\n  proident, sunt in culpa qui officia deserunt mollit anim id est laborum.</p>\n  <p>Lorem ipsum dolor sit amet, consectetur adipisicing elit, sed do eiusmod\n  tempor incididunt ut labore et dolore magna aliqua. Ut enim ad minim veniam,\n  quis nostrud exercitation ullamco laboris nisi ut aliquip ex ea commodo\n  consequat. Duis aute irure dolor in reprehenderit in voluptate velit esse\n  cillum dolore eu fugiat nulla pariatur. Excepteur sint occaecat cupidatat non\n  proident, sunt in culpa qui officia deserunt mollit anim id est laborum.</p>\n  <blockquote>Lorem ipsum dolor sit amet, consectetur adipisicing elit, sed do eiusmod\n  tempor incididunt ut labore et dolore magna aliqua. Ut enim ad minim veniam,\n  quis nostrud exercitation ullamco laboris nisi ut aliquip ex ea commodo\n  consequat. Duis aute irure dolor in reprehenderit in voluptate velit esse\n  cillum dolore eu fugiat nulla pariatur. Excepteur sint occaecat cupidatat non\n  proident, sunt in culpa qui officia deserunt mollit anim id est laborum.</blockquote>', 'lifestyle', '2017-10-01 04:43:59', '2017-10-01 04:43:59', 1),
(20, 'Kylie Jenner?s Stormi-inspired collection is anything but low-key', '/images/lifestyle/lifestyle2.jpg', '<h3>Lorem ipsum dolor sit amet, consectetur adipisicing elit</h3>\n  <p>Lorem ipsum dolor sit amet, consectetur adipisicing elit, sed do eiusmod\n  tempor incididunt ut labore et dolore magna aliqua. Ut enim ad minim veniam,\n  quis nostrud exercitation ullamco laboris nisi ut aliquip ex ea commodo\n  consequat. Duis aute irure dolor in reprehenderit in voluptate velit esse\n  cillum dolore eu fugiat nulla pariatur. Excepteur sint occaecat cupidatat non\n  proident, sunt in culpa qui officia deserunt mollit anim id est laborum.</p>\n  <p>Lorem ipsum dolor sit amet, consectetur adipisicing elit, sed do eiusmod\n  tempor incididunt ut labore et dolore magna aliqua. Ut enim ad minim veniam,\n  quis nostrud exercitation ullamco laboris nisi ut aliquip ex ea commodo\n  consequat. Duis aute irure dolor in reprehenderit in voluptate velit esse\n  cillum dolore eu fugiat nulla pariatur. Excepteur sint occaecat cupidatat non\n  proident, sunt in culpa qui officia deserunt mollit anim id est laborum.</p>\n  <hr>\n  <h3>Lorem ipsum dolor sit amet, consectetur adipisicing elit</h3>\n  <p>Lorem ipsum dolor sit amet, consectetur adipisicing elit, sed do eiusmod\n  tempor incididunt ut labore et dolore magna aliqua. Ut enim ad minim veniam,\n  quis nostrud exercitation ullamco laboris nisi ut aliquip ex ea commodo\n  consequat. Duis aute irure dolor in reprehenderit in voluptate velit esse\n  cillum dolore eu fugiat nulla pariatur. Excepteur sint occaecat cupidatat non\n  proident, sunt in culpa qui officia deserunt mollit anim id est laborum.</p>\n  <p>Lorem ipsum dolor sit amet, consectetur adipisicing elit, sed do eiusmod\n  tempor incididunt ut labore et dolore magna aliqua. Ut enim ad minim veniam,\n  quis nostrud exercitation ullamco laboris nisi ut aliquip ex ea commodo\n  consequat. Duis aute irure dolor in reprehenderit in voluptate velit esse\n  cillum dolore eu fugiat nulla pariatur. Excepteur sint occaecat cupidatat non\n  proident, sunt in culpa qui officia deserunt mollit anim id est laborum.</p>\n  <blockquote>Lorem ipsum dolor sit amet, consectetur adipisicing elit, sed do eiusmod\n  tempor incididunt ut labore et dolore magna aliqua. Ut enim ad minim veniam,\n  quis nostrud exercitation ullamco laboris nisi ut aliquip ex ea commodo\n  consequat. Duis aute irure dolor in reprehenderit in voluptate velit esse\n  cillum dolore eu fugiat nulla pariatur. Excepteur sint occaecat cupidatat non\n  proident, sunt in culpa qui officia deserunt mollit anim id est laborum.</blockquote>', 'lifestyle', '2017-01-28 02:55:46', '2017-01-28 02:55:46', 1),
(21, 'From traveling the world to business owners: How this El Nido glamping site came to be', '/images/lifestyle/lifestyle3.jpg', '<h3>Lorem ipsum dolor sit amet, consectetur adipisicing elit</h3>\n  <p>Lorem ipsum dolor sit amet, consectetur adipisicing elit, sed do eiusmod\n  tempor incididunt ut labore et dolore magna aliqua. Ut enim ad minim veniam,\n  quis nostrud exercitation ullamco laboris nisi ut aliquip ex ea commodo\n  consequat. Duis aute irure dolor in reprehenderit in voluptate velit esse\n  cillum dolore eu fugiat nulla pariatur. Excepteur sint occaecat cupidatat non\n  proident, sunt in culpa qui officia deserunt mollit anim id est laborum.</p>\n  <p>Lorem ipsum dolor sit amet, consectetur adipisicing elit, sed do eiusmod\n  tempor incididunt ut labore et dolore magna aliqua. Ut enim ad minim veniam,\n  quis nostrud exercitation ullamco laboris nisi ut aliquip ex ea commodo\n  consequat. Duis aute irure dolor in reprehenderit in voluptate velit esse\n  cillum dolore eu fugiat nulla pariatur. Excepteur sint occaecat cupidatat non\n  proident, sunt in culpa qui officia deserunt mollit anim id est laborum.</p>\n  <hr>\n  <h3>Lorem ipsum dolor sit amet, consectetur adipisicing elit</h3>\n  <p>Lorem ipsum dolor sit amet, consectetur adipisicing elit, sed do eiusmod\n  tempor incididunt ut labore et dolore magna aliqua. Ut enim ad minim veniam,\n  quis nostrud exercitation ullamco laboris nisi ut aliquip ex ea commodo\n  consequat. Duis aute irure dolor in reprehenderit in voluptate velit esse\n  cillum dolore eu fugiat nulla pariatur. Excepteur sint occaecat cupidatat non\n  proident, sunt in culpa qui officia deserunt mollit anim id est laborum.</p>\n  <p>Lorem ipsum dolor sit amet, consectetur adipisicing elit, sed do eiusmod\n  tempor incididunt ut labore et dolore magna aliqua. Ut enim ad minim veniam,\n  quis nostrud exercitation ullamco laboris nisi ut aliquip ex ea commodo\n  consequat. Duis aute irure dolor in reprehenderit in voluptate velit esse\n  cillum dolore eu fugiat nulla pariatur. Excepteur sint occaecat cupidatat non\n  proident, sunt in culpa qui officia deserunt mollit anim id est laborum.</p>\n  <blockquote>Lorem ipsum dolor sit amet, consectetur adipisicing elit, sed do eiusmod\n  tempor incididunt ut labore et dolore magna aliqua. Ut enim ad minim veniam,\n  quis nostrud exercitation ullamco laboris nisi ut aliquip ex ea commodo\n  consequat. Duis aute irure dolor in reprehenderit in voluptate velit esse\n  cillum dolore eu fugiat nulla pariatur. Excepteur sint occaecat cupidatat non\n  proident, sunt in culpa qui officia deserunt mollit anim id est laborum.</blockquote>', 'lifestyle', '2017-09-19 04:33:44', '2017-09-19 04:33:44', 1),
(22, 'Changing careers: hard work and passion pays off', '/images/lifestyle/lifestyle4.jpg', '<h3>Lorem ipsum dolor sit amet, consectetur adipisicing elit</h3>\n  <p>Lorem ipsum dolor sit amet, consectetur adipisicing elit, sed do eiusmod\n  tempor incididunt ut labore et dolore magna aliqua. Ut enim ad minim veniam,\n  quis nostrud exercitation ullamco laboris nisi ut aliquip ex ea commodo\n  consequat. Duis aute irure dolor in reprehenderit in voluptate velit esse\n  cillum dolore eu fugiat nulla pariatur. Excepteur sint occaecat cupidatat non\n  proident, sunt in culpa qui officia deserunt mollit anim id est laborum.</p>\n  <p>Lorem ipsum dolor sit amet, consectetur adipisicing elit, sed do eiusmod\n  tempor incididunt ut labore et dolore magna aliqua. Ut enim ad minim veniam,\n  quis nostrud exercitation ullamco laboris nisi ut aliquip ex ea commodo\n  consequat. Duis aute irure dolor in reprehenderit in voluptate velit esse\n  cillum dolore eu fugiat nulla pariatur. Excepteur sint occaecat cupidatat non\n  proident, sunt in culpa qui officia deserunt mollit anim id est laborum.</p>\n  <hr>\n  <h3>Lorem ipsum dolor sit amet, consectetur adipisicing elit</h3>\n  <p>Lorem ipsum dolor sit amet, consectetur adipisicing elit, sed do eiusmod\n  tempor incididunt ut labore et dolore magna aliqua. Ut enim ad minim veniam,\n  quis nostrud exercitation ullamco laboris nisi ut aliquip ex ea commodo\n  consequat. Duis aute irure dolor in reprehenderit in voluptate velit esse\n  cillum dolore eu fugiat nulla pariatur. Excepteur sint occaecat cupidatat non\n  proident, sunt in culpa qui officia deserunt mollit anim id est laborum.</p>\n  <p>Lorem ipsum dolor sit amet, consectetur adipisicing elit, sed do eiusmod\n  tempor incididunt ut labore et dolore magna aliqua. Ut enim ad minim veniam,\n  quis nostrud exercitation ullamco laboris nisi ut aliquip ex ea commodo\n  consequat. Duis aute irure dolor in reprehenderit in voluptate velit esse\n  cillum dolore eu fugiat nulla pariatur. Excepteur sint occaecat cupidatat non\n  proident, sunt in culpa qui officia deserunt mollit anim id est laborum.</p>\n  <blockquote>Lorem ipsum dolor sit amet, consectetur adipisicing elit, sed do eiusmod\n  tempor incididunt ut labore et dolore magna aliqua. Ut enim ad minim veniam,\n  quis nostrud exercitation ullamco laboris nisi ut aliquip ex ea commodo\n  consequat. Duis aute irure dolor in reprehenderit in voluptate velit esse\n  cillum dolore eu fugiat nulla pariatur. Excepteur sint occaecat cupidatat non\n  proident, sunt in culpa qui officia deserunt mollit anim id est laborum.</blockquote>', 'lifestyle', '2017-01-06 08:10:53', '2017-01-06 08:10:53', 1),
(23, '6 life lessons Kris Aquino learned from her late mom Cory', '/images/lifestyle/lifestyle5.jpg', '<h3>Lorem ipsum dolor sit amet, consectetur adipisicing elit</h3>\n  <p>Lorem ipsum dolor sit amet, consectetur adipisicing elit, sed do eiusmod\n  tempor incididunt ut labore et dolore magna aliqua. Ut enim ad minim veniam,\n  quis nostrud exercitation ullamco laboris nisi ut aliquip ex ea commodo\n  consequat. Duis aute irure dolor in reprehenderit in voluptate velit esse\n  cillum dolore eu fugiat nulla pariatur. Excepteur sint occaecat cupidatat non\n  proident, sunt in culpa qui officia deserunt mollit anim id est laborum.</p>\n  <p>Lorem ipsum dolor sit amet, consectetur adipisicing elit, sed do eiusmod\n  tempor incididunt ut labore et dolore magna aliqua. Ut enim ad minim veniam,\n  quis nostrud exercitation ullamco laboris nisi ut aliquip ex ea commodo\n  consequat. Duis aute irure dolor in reprehenderit in voluptate velit esse\n  cillum dolore eu fugiat nulla pariatur. Excepteur sint occaecat cupidatat non\n  proident, sunt in culpa qui officia deserunt mollit anim id est laborum.</p>\n  <hr>\n  <h3>Lorem ipsum dolor sit amet, consectetur adipisicing elit</h3>\n  <p>Lorem ipsum dolor sit amet, consectetur adipisicing elit, sed do eiusmod\n  tempor incididunt ut labore et dolore magna aliqua. Ut enim ad minim veniam,\n  quis nostrud exercitation ullamco laboris nisi ut aliquip ex ea commodo\n  consequat. Duis aute irure dolor in reprehenderit in voluptate velit esse\n  cillum dolore eu fugiat nulla pariatur. Excepteur sint occaecat cupidatat non\n  proident, sunt in culpa qui officia deserunt mollit anim id est laborum.</p>\n  <p>Lorem ipsum dolor sit amet, consectetur adipisicing elit, sed do eiusmod\n  tempor incididunt ut labore et dolore magna aliqua. Ut enim ad minim veniam,\n  quis nostrud exercitation ullamco laboris nisi ut aliquip ex ea commodo\n  consequat. Duis aute irure dolor in reprehenderit in voluptate velit esse\n  cillum dolore eu fugiat nulla pariatur. Excepteur sint occaecat cupidatat non\n  proident, sunt in culpa qui officia deserunt mollit anim id est laborum.</p>\n  <blockquote>Lorem ipsum dolor sit amet, consectetur adipisicing elit, sed do eiusmod\n  tempor incididunt ut labore et dolore magna aliqua. Ut enim ad minim veniam,\n  quis nostrud exercitation ullamco laboris nisi ut aliquip ex ea commodo\n  consequat. Duis aute irure dolor in reprehenderit in voluptate velit esse\n  cillum dolore eu fugiat nulla pariatur. Excepteur sint occaecat cupidatat non\n  proident, sunt in culpa qui officia deserunt mollit anim id est laborum.</blockquote>', 'lifestyle', '2017-10-05 04:29:04', '2017-10-05 04:29:04', 1),
(24, 'The main reason Mark Bautista wrote ?Beyond the Mark?', '/images/lifestyle/lifestyle6.jpg', '<h3>Lorem ipsum dolor sit amet, consectetur adipisicing elit</h3>\n  <p>Lorem ipsum dolor sit amet, consectetur adipisicing elit, sed do eiusmod\n  tempor incididunt ut labore et dolore magna aliqua. Ut enim ad minim veniam,\n  quis nostrud exercitation ullamco laboris nisi ut aliquip ex ea commodo\n  consequat. Duis aute irure dolor in reprehenderit in voluptate velit esse\n  cillum dolore eu fugiat nulla pariatur. Excepteur sint occaecat cupidatat non\n  proident, sunt in culpa qui officia deserunt mollit anim id est laborum.</p>\n  <p>Lorem ipsum dolor sit amet, consectetur adipisicing elit, sed do eiusmod\n  tempor incididunt ut labore et dolore magna aliqua. Ut enim ad minim veniam,\n  quis nostrud exercitation ullamco laboris nisi ut aliquip ex ea commodo\n  consequat. Duis aute irure dolor in reprehenderit in voluptate velit esse\n  cillum dolore eu fugiat nulla pariatur. Excepteur sint occaecat cupidatat non\n  proident, sunt in culpa qui officia deserunt mollit anim id est laborum.</p>\n  <hr>\n  <h3>Lorem ipsum dolor sit amet, consectetur adipisicing elit</h3>\n  <p>Lorem ipsum dolor sit amet, consectetur adipisicing elit, sed do eiusmod\n  tempor incididunt ut labore et dolore magna aliqua. Ut enim ad minim veniam,\n  quis nostrud exercitation ullamco laboris nisi ut aliquip ex ea commodo\n  consequat. Duis aute irure dolor in reprehenderit in voluptate velit esse\n  cillum dolore eu fugiat nulla pariatur. Excepteur sint occaecat cupidatat non\n  proident, sunt in culpa qui officia deserunt mollit anim id est laborum.</p>\n  <p>Lorem ipsum dolor sit amet, consectetur adipisicing elit, sed do eiusmod\n  tempor incididunt ut labore et dolore magna aliqua. Ut enim ad minim veniam,\n  quis nostrud exercitation ullamco laboris nisi ut aliquip ex ea commodo\n  consequat. Duis aute irure dolor in reprehenderit in voluptate velit esse\n  cillum dolore eu fugiat nulla pariatur. Excepteur sint occaecat cupidatat non\n  proident, sunt in culpa qui officia deserunt mollit anim id est laborum.</p>\n  <blockquote>Lorem ipsum dolor sit amet, consectetur adipisicing elit, sed do eiusmod\n  tempor incididunt ut labore et dolore magna aliqua. Ut enim ad minim veniam,\n  quis nostrud exercitation ullamco laboris nisi ut aliquip ex ea commodo\n  consequat. Duis aute irure dolor in reprehenderit in voluptate velit esse\n  cillum dolore eu fugiat nulla pariatur. Excepteur sint occaecat cupidatat non\n  proident, sunt in culpa qui officia deserunt mollit anim id est laborum.</blockquote>', 'lifestyle', '2017-02-05 02:34:54', '2017-02-05 02:34:54', 1),
(25, 'Kris Aquino on Paolo Duterte\'s rant about EDSA anniversary: Let\'s have a talk', '/images/entertainment/entertainment1.jpg', '<h3>Lorem ipsum dolor sit amet, consectetur adipisicing elit</h3>\n  <p>Lorem ipsum dolor sit amet, consectetur adipisicing elit, sed do eiusmod\n  tempor incididunt ut labore et dolore magna aliqua. Ut enim ad minim veniam,\n  quis nostrud exercitation ullamco laboris nisi ut aliquip ex ea commodo\n  consequat. Duis aute irure dolor in reprehenderit in voluptate velit esse\n  cillum dolore eu fugiat nulla pariatur. Excepteur sint occaecat cupidatat non\n  proident, sunt in culpa qui officia deserunt mollit anim id est laborum.</p>\n  <p>Lorem ipsum dolor sit amet, consectetur adipisicing elit, sed do eiusmod\n  tempor incididunt ut labore et dolore magna aliqua. Ut enim ad minim veniam,\n  quis nostrud exercitation ullamco laboris nisi ut aliquip ex ea commodo\n  consequat. Duis aute irure dolor in reprehenderit in voluptate velit esse\n  cillum dolore eu fugiat nulla pariatur. Excepteur sint occaecat cupidatat non\n  proident, sunt in culpa qui officia deserunt mollit anim id est laborum.</p>\n  <hr>\n  <h3>Lorem ipsum dolor sit amet, consectetur adipisicing elit</h3>\n  <p>Lorem ipsum dolor sit amet, consectetur adipisicing elit, sed do eiusmod\n  tempor incididunt ut labore et dolore magna aliqua. Ut enim ad minim veniam,\n  quis nostrud exercitation ullamco laboris nisi ut aliquip ex ea commodo\n  consequat. Duis aute irure dolor in reprehenderit in voluptate velit esse\n  cillum dolore eu fugiat nulla pariatur. Excepteur sint occaecat cupidatat non\n  proident, sunt in culpa qui officia deserunt mollit anim id est laborum.</p>\n  <p>Lorem ipsum dolor sit amet, consectetur adipisicing elit, sed do eiusmod\n  tempor incididunt ut labore et dolore magna aliqua. Ut enim ad minim veniam,\n  quis nostrud exercitation ullamco laboris nisi ut aliquip ex ea commodo\n  consequat. Duis aute irure dolor in reprehenderit in voluptate velit esse\n  cillum dolore eu fugiat nulla pariatur. Excepteur sint occaecat cupidatat non\n  proident, sunt in culpa qui officia deserunt mollit anim id est laborum.</p>\n  <blockquote>Lorem ipsum dolor sit amet, consectetur adipisicing elit, sed do eiusmod\n  tempor incididunt ut labore et dolore magna aliqua. Ut enim ad minim veniam,\n  quis nostrud exercitation ullamco laboris nisi ut aliquip ex ea commodo\n  consequat. Duis aute irure dolor in reprehenderit in voluptate velit esse\n  cillum dolore eu fugiat nulla pariatur. Excepteur sint occaecat cupidatat non\n  proident, sunt in culpa qui officia deserunt mollit anim id est laborum.</blockquote>', 'entertainment', '2017-11-03 11:43:41', '2017-11-03 11:43:41', 1),
(26, 'Marjorie Barretto introduces youngest daughter on social media', '/images/entertainment/entertainment2.jpg', '<h3>Lorem ipsum dolor sit amet, consectetur adipisicing elit</h3>\n  <p>Lorem ipsum dolor sit amet, consectetur adipisicing elit, sed do eiusmod\n  tempor incididunt ut labore et dolore magna aliqua. Ut enim ad minim veniam,\n  quis nostrud exercitation ullamco laboris nisi ut aliquip ex ea commodo\n  consequat. Duis aute irure dolor in reprehenderit in voluptate velit esse\n  cillum dolore eu fugiat nulla pariatur. Excepteur sint occaecat cupidatat non\n  proident, sunt in culpa qui officia deserunt mollit anim id est laborum.</p>\n  <p>Lorem ipsum dolor sit amet, consectetur adipisicing elit, sed do eiusmod\n  tempor incididunt ut labore et dolore magna aliqua. Ut enim ad minim veniam,\n  quis nostrud exercitation ullamco laboris nisi ut aliquip ex ea commodo\n  consequat. Duis aute irure dolor in reprehenderit in voluptate velit esse\n  cillum dolore eu fugiat nulla pariatur. Excepteur sint occaecat cupidatat non\n  proident, sunt in culpa qui officia deserunt mollit anim id est laborum.</p>\n  <hr>\n  <h3>Lorem ipsum dolor sit amet, consectetur adipisicing elit</h3>\n  <p>Lorem ipsum dolor sit amet, consectetur adipisicing elit, sed do eiusmod\n  tempor incididunt ut labore et dolore magna aliqua. Ut enim ad minim veniam,\n  quis nostrud exercitation ullamco laboris nisi ut aliquip ex ea commodo\n  consequat. Duis aute irure dolor in reprehenderit in voluptate velit esse\n  cillum dolore eu fugiat nulla pariatur. Excepteur sint occaecat cupidatat non\n  proident, sunt in culpa qui officia deserunt mollit anim id est laborum.</p>\n  <p>Lorem ipsum dolor sit amet, consectetur adipisicing elit, sed do eiusmod\n  tempor incididunt ut labore et dolore magna aliqua. Ut enim ad minim veniam,\n  quis nostrud exercitation ullamco laboris nisi ut aliquip ex ea commodo\n  consequat. Duis aute irure dolor in reprehenderit in voluptate velit esse\n  cillum dolore eu fugiat nulla pariatur. Excepteur sint occaecat cupidatat non\n  proident, sunt in culpa qui officia deserunt mollit anim id est laborum.</p>\n  <blockquote>Lorem ipsum dolor sit amet, consectetur adipisicing elit, sed do eiusmod\n  tempor incididunt ut labore et dolore magna aliqua. Ut enim ad minim veniam,\n  quis nostrud exercitation ullamco laboris nisi ut aliquip ex ea commodo\n  consequat. Duis aute irure dolor in reprehenderit in voluptate velit esse\n  cillum dolore eu fugiat nulla pariatur. Excepteur sint occaecat cupidatat non\n  proident, sunt in culpa qui officia deserunt mollit anim id est laborum.</blockquote>', 'entertainment', '2017-12-16 05:30:33', '2017-12-16 05:30:33', 1),
(27, 'Meet the 4 PH nominees in Nickelodeon Kids- Choice Awards 2018', '/images/entertainment/entertainment3.jpg', '<h3>Lorem ipsum dolor sit amet, consectetur adipisicing elit</h3>\n  <p>Lorem ipsum dolor sit amet, consectetur adipisicing elit, sed do eiusmod\n  tempor incididunt ut labore et dolore magna aliqua. Ut enim ad minim veniam,\n  quis nostrud exercitation ullamco laboris nisi ut aliquip ex ea commodo\n  consequat. Duis aute irure dolor in reprehenderit in voluptate velit esse\n  cillum dolore eu fugiat nulla pariatur. Excepteur sint occaecat cupidatat non\n  proident, sunt in culpa qui officia deserunt mollit anim id est laborum.</p>\n  <p>Lorem ipsum dolor sit amet, consectetur adipisicing elit, sed do eiusmod\n  tempor incididunt ut labore et dolore magna aliqua. Ut enim ad minim veniam,\n  quis nostrud exercitation ullamco laboris nisi ut aliquip ex ea commodo\n  consequat. Duis aute irure dolor in reprehenderit in voluptate velit esse\n  cillum dolore eu fugiat nulla pariatur. Excepteur sint occaecat cupidatat non\n  proident, sunt in culpa qui officia deserunt mollit anim id est laborum.</p>\n  <hr>\n  <h3>Lorem ipsum dolor sit amet, consectetur adipisicing elit</h3>\n  <p>Lorem ipsum dolor sit amet, consectetur adipisicing elit, sed do eiusmod\n  tempor incididunt ut labore et dolore magna aliqua. Ut enim ad minim veniam,\n  quis nostrud exercitation ullamco laboris nisi ut aliquip ex ea commodo\n  consequat. Duis aute irure dolor in reprehenderit in voluptate velit esse\n  cillum dolore eu fugiat nulla pariatur. Excepteur sint occaecat cupidatat non\n  proident, sunt in culpa qui officia deserunt mollit anim id est laborum.</p>\n  <p>Lorem ipsum dolor sit amet, consectetur adipisicing elit, sed do eiusmod\n  tempor incididunt ut labore et dolore magna aliqua. Ut enim ad minim veniam,\n  quis nostrud exercitation ullamco laboris nisi ut aliquip ex ea commodo\n  consequat. Duis aute irure dolor in reprehenderit in voluptate velit esse\n  cillum dolore eu fugiat nulla pariatur. Excepteur sint occaecat cupidatat non\n  proident, sunt in culpa qui officia deserunt mollit anim id est laborum.</p>\n  <blockquote>Lorem ipsum dolor sit amet, consectetur adipisicing elit, sed do eiusmod\n  tempor incididunt ut labore et dolore magna aliqua. Ut enim ad minim veniam,\n  quis nostrud exercitation ullamco laboris nisi ut aliquip ex ea commodo\n  consequat. Duis aute irure dolor in reprehenderit in voluptate velit esse\n  cillum dolore eu fugiat nulla pariatur. Excepteur sint occaecat cupidatat non\n  proident, sunt in culpa qui officia deserunt mollit anim id est laborum.</blockquote>', 'entertainment', '2017-11-08 23:19:00', '2017-11-08 23:19:00', 1),
(28, 'Michael B Jordan sets everything on fire in ?Fahrenheit 451? trailer', '/images/entertainment/entertainment4.jpg', '<h3>Lorem ipsum dolor sit amet, consectetur adipisicing elit</h3>\n  <p>Lorem ipsum dolor sit amet, consectetur adipisicing elit, sed do eiusmod\n  tempor incididunt ut labore et dolore magna aliqua. Ut enim ad minim veniam,\n  quis nostrud exercitation ullamco laboris nisi ut aliquip ex ea commodo\n  consequat. Duis aute irure dolor in reprehenderit in voluptate velit esse\n  cillum dolore eu fugiat nulla pariatur. Excepteur sint occaecat cupidatat non\n  proident, sunt in culpa qui officia deserunt mollit anim id est laborum.</p>\n  <p>Lorem ipsum dolor sit amet, consectetur adipisicing elit, sed do eiusmod\n  tempor incididunt ut labore et dolore magna aliqua. Ut enim ad minim veniam,\n  quis nostrud exercitation ullamco laboris nisi ut aliquip ex ea commodo\n  consequat. Duis aute irure dolor in reprehenderit in voluptate velit esse\n  cillum dolore eu fugiat nulla pariatur. Excepteur sint occaecat cupidatat non\n  proident, sunt in culpa qui officia deserunt mollit anim id est laborum.</p>\n  <hr>\n  <h3>Lorem ipsum dolor sit amet, consectetur adipisicing elit</h3>\n  <p>Lorem ipsum dolor sit amet, consectetur adipisicing elit, sed do eiusmod\n  tempor incididunt ut labore et dolore magna aliqua. Ut enim ad minim veniam,\n  quis nostrud exercitation ullamco laboris nisi ut aliquip ex ea commodo\n  consequat. Duis aute irure dolor in reprehenderit in voluptate velit esse\n  cillum dolore eu fugiat nulla pariatur. Excepteur sint occaecat cupidatat non\n  proident, sunt in culpa qui officia deserunt mollit anim id est laborum.</p>\n  <p>Lorem ipsum dolor sit amet, consectetur adipisicing elit, sed do eiusmod\n  tempor incididunt ut labore et dolore magna aliqua. Ut enim ad minim veniam,\n  quis nostrud exercitation ullamco laboris nisi ut aliquip ex ea commodo\n  consequat. Duis aute irure dolor in reprehenderit in voluptate velit esse\n  cillum dolore eu fugiat nulla pariatur. Excepteur sint occaecat cupidatat non\n  proident, sunt in culpa qui officia deserunt mollit anim id est laborum.</p>\n  <blockquote>Lorem ipsum dolor sit amet, consectetur adipisicing elit, sed do eiusmod\n  tempor incididunt ut labore et dolore magna aliqua. Ut enim ad minim veniam,\n  quis nostrud exercitation ullamco laboris nisi ut aliquip ex ea commodo\n  consequat. Duis aute irure dolor in reprehenderit in voluptate velit esse\n  cillum dolore eu fugiat nulla pariatur. Excepteur sint occaecat cupidatat non\n  proident, sunt in culpa qui officia deserunt mollit anim id est laborum.</blockquote>', 'entertainment', '2017-07-19 06:12:33', '2017-07-19 06:12:33', 1),
(29, 'Bill Cosby\'s daughter Ensa dies', '/images/entertainment/entertainment5.jpg', '<h3>Lorem ipsum dolor sit amet, consectetur adipisicing elit</h3>\n  <p>Lorem ipsum dolor sit amet, consectetur adipisicing elit, sed do eiusmod\n  tempor incididunt ut labore et dolore magna aliqua. Ut enim ad minim veniam,\n  quis nostrud exercitation ullamco laboris nisi ut aliquip ex ea commodo\n  consequat. Duis aute irure dolor in reprehenderit in voluptate velit esse\n  cillum dolore eu fugiat nulla pariatur. Excepteur sint occaecat cupidatat non\n  proident, sunt in culpa qui officia deserunt mollit anim id est laborum.</p>\n  <p>Lorem ipsum dolor sit amet, consectetur adipisicing elit, sed do eiusmod\n  tempor incididunt ut labore et dolore magna aliqua. Ut enim ad minim veniam,\n  quis nostrud exercitation ullamco laboris nisi ut aliquip ex ea commodo\n  consequat. Duis aute irure dolor in reprehenderit in voluptate velit esse\n  cillum dolore eu fugiat nulla pariatur. Excepteur sint occaecat cupidatat non\n  proident, sunt in culpa qui officia deserunt mollit anim id est laborum.</p>\n  <hr>\n  <h3>Lorem ipsum dolor sit amet, consectetur adipisicing elit</h3>\n  <p>Lorem ipsum dolor sit amet, consectetur adipisicing elit, sed do eiusmod\n  tempor incididunt ut labore et dolore magna aliqua. Ut enim ad minim veniam,\n  quis nostrud exercitation ullamco laboris nisi ut aliquip ex ea commodo\n  consequat. Duis aute irure dolor in reprehenderit in voluptate velit esse\n  cillum dolore eu fugiat nulla pariatur. Excepteur sint occaecat cupidatat non\n  proident, sunt in culpa qui officia deserunt mollit anim id est laborum.</p>\n  <p>Lorem ipsum dolor sit amet, consectetur adipisicing elit, sed do eiusmod\n  tempor incididunt ut labore et dolore magna aliqua. Ut enim ad minim veniam,\n  quis nostrud exercitation ullamco laboris nisi ut aliquip ex ea commodo\n  consequat. Duis aute irure dolor in reprehenderit in voluptate velit esse\n  cillum dolore eu fugiat nulla pariatur. Excepteur sint occaecat cupidatat non\n  proident, sunt in culpa qui officia deserunt mollit anim id est laborum.</p>\n  <blockquote>Lorem ipsum dolor sit amet, consectetur adipisicing elit, sed do eiusmod\n  tempor incididunt ut labore et dolore magna aliqua. Ut enim ad minim veniam,\n  quis nostrud exercitation ullamco laboris nisi ut aliquip ex ea commodo\n  consequat. Duis aute irure dolor in reprehenderit in voluptate velit esse\n  cillum dolore eu fugiat nulla pariatur. Excepteur sint occaecat cupidatat non\n  proident, sunt in culpa qui officia deserunt mollit anim id est laborum.</blockquote>', 'entertainment', '2017-11-19 12:22:32', '2017-11-19 12:22:32', 1),
(30, 'Ed Sheeran named world\'s best-selling artist of 2017', '/images/entertainment/entertainment6.jpg', '<h3>Lorem ipsum dolor sit amet, consectetur adipisicing elit</h3>\n  <p>Lorem ipsum dolor sit amet, consectetur adipisicing elit, sed do eiusmod\n  tempor incididunt ut labore et dolore magna aliqua. Ut enim ad minim veniam,\n  quis nostrud exercitation ullamco laboris nisi ut aliquip ex ea commodo\n  consequat. Duis aute irure dolor in reprehenderit in voluptate velit esse\n  cillum dolore eu fugiat nulla pariatur. Excepteur sint occaecat cupidatat non\n  proident, sunt in culpa qui officia deserunt mollit anim id est laborum.</p>\n  <p>Lorem ipsum dolor sit amet, consectetur adipisicing elit, sed do eiusmod\n  tempor incididunt ut labore et dolore magna aliqua. Ut enim ad minim veniam,\n  quis nostrud exercitation ullamco laboris nisi ut aliquip ex ea commodo\n  consequat. Duis aute irure dolor in reprehenderit in voluptate velit esse\n  cillum dolore eu fugiat nulla pariatur. Excepteur sint occaecat cupidatat non\n  proident, sunt in culpa qui officia deserunt mollit anim id est laborum.</p>\n  <hr>\n  <h3>Lorem ipsum dolor sit amet, consectetur adipisicing elit</h3>\n  <p>Lorem ipsum dolor sit amet, consectetur adipisicing elit, sed do eiusmod\n  tempor incididunt ut labore et dolore magna aliqua. Ut enim ad minim veniam,\n  quis nostrud exercitation ullamco laboris nisi ut aliquip ex ea commodo\n  consequat. Duis aute irure dolor in reprehenderit in voluptate velit esse\n  cillum dolore eu fugiat nulla pariatur. Excepteur sint occaecat cupidatat non\n  proident, sunt in culpa qui officia deserunt mollit anim id est laborum.</p>\n  <p>Lorem ipsum dolor sit amet, consectetur adipisicing elit, sed do eiusmod\n  tempor incididunt ut labore et dolore magna aliqua. Ut enim ad minim veniam,\n  quis nostrud exercitation ullamco laboris nisi ut aliquip ex ea commodo\n  consequat. Duis aute irure dolor in reprehenderit in voluptate velit esse\n  cillum dolore eu fugiat nulla pariatur. Excepteur sint occaecat cupidatat non\n  proident, sunt in culpa qui officia deserunt mollit anim id est laborum.</p>\n  <blockquote>Lorem ipsum dolor sit amet, consectetur adipisicing elit, sed do eiusmod\n  tempor incididunt ut labore et dolore magna aliqua. Ut enim ad minim veniam,\n  quis nostrud exercitation ullamco laboris nisi ut aliquip ex ea commodo\n  consequat. Duis aute irure dolor in reprehenderit in voluptate velit esse\n  cillum dolore eu fugiat nulla pariatur. Excepteur sint occaecat cupidatat non\n  proident, sunt in culpa qui officia deserunt mollit anim id est laborum.</blockquote>', 'entertainment', '2017-06-28 13:12:38', '2017-06-28 13:12:38', 1),
(31, 'Undefeated Thai \'dwarf giant\' one win from Mayweather record', '/images/sports/sports1.jpg', '<h3>Lorem ipsum dolor sit amet, consectetur adipisicing elit</h3>\n  <p>Lorem ipsum dolor sit amet, consectetur adipisicing elit, sed do eiusmod\n  tempor incididunt ut labore et dolore magna aliqua. Ut enim ad minim veniam,\n  quis nostrud exercitation ullamco laboris nisi ut aliquip ex ea commodo\n  consequat. Duis aute irure dolor in reprehenderit in voluptate velit esse\n  cillum dolore eu fugiat nulla pariatur. Excepteur sint occaecat cupidatat non\n  proident, sunt in culpa qui officia deserunt mollit anim id est laborum.</p>\n  <p>Lorem ipsum dolor sit amet, consectetur adipisicing elit, sed do eiusmod\n  tempor incididunt ut labore et dolore magna aliqua. Ut enim ad minim veniam,\n  quis nostrud exercitation ullamco laboris nisi ut aliquip ex ea commodo\n  consequat. Duis aute irure dolor in reprehenderit in voluptate velit esse\n  cillum dolore eu fugiat nulla pariatur. Excepteur sint occaecat cupidatat non\n  proident, sunt in culpa qui officia deserunt mollit anim id est laborum.</p>\n  <hr>\n  <h3>Lorem ipsum dolor sit amet, consectetur adipisicing elit</h3>\n  <p>Lorem ipsum dolor sit amet, consectetur adipisicing elit, sed do eiusmod\n  tempor incididunt ut labore et dolore magna aliqua. Ut enim ad minim veniam,\n  quis nostrud exercitation ullamco laboris nisi ut aliquip ex ea commodo\n  consequat. Duis aute irure dolor in reprehenderit in voluptate velit esse\n  cillum dolore eu fugiat nulla pariatur. Excepteur sint occaecat cupidatat non\n  proident, sunt in culpa qui officia deserunt mollit anim id est laborum.</p>\n  <p>Lorem ipsum dolor sit amet, consectetur adipisicing elit, sed do eiusmod\n  tempor incididunt ut labore et dolore magna aliqua. Ut enim ad minim veniam,\n  quis nostrud exercitation ullamco laboris nisi ut aliquip ex ea commodo\n  consequat. Duis aute irure dolor in reprehenderit in voluptate velit esse\n  cillum dolore eu fugiat nulla pariatur. Excepteur sint occaecat cupidatat non\n  proident, sunt in culpa qui officia deserunt mollit anim id est laborum.</p>\n  <blockquote>Lorem ipsum dolor sit amet, consectetur adipisicing elit, sed do eiusmod\n  tempor incididunt ut labore et dolore magna aliqua. Ut enim ad minim veniam,\n  quis nostrud exercitation ullamco laboris nisi ut aliquip ex ea commodo\n  consequat. Duis aute irure dolor in reprehenderit in voluptate velit esse\n  cillum dolore eu fugiat nulla pariatur. Excepteur sint occaecat cupidatat non\n  proident, sunt in culpa qui officia deserunt mollit anim id est laborum.</blockquote>', 'sports', '2017-10-04 00:39:56', '2017-10-04 00:39:56', 1),
(32, 'Nietes KOs Reveco in 7th to retain IBF Super Flyweight title', '/images/sports/sports2.jpg', '<h3>Lorem ipsum dolor sit amet, consectetur adipisicing elit</h3>\n  <p>Lorem ipsum dolor sit amet, consectetur adipisicing elit, sed do eiusmod\n  tempor incididunt ut labore et dolore magna aliqua. Ut enim ad minim veniam,\n  quis nostrud exercitation ullamco laboris nisi ut aliquip ex ea commodo\n  consequat. Duis aute irure dolor in reprehenderit in voluptate velit esse\n  cillum dolore eu fugiat nulla pariatur. Excepteur sint occaecat cupidatat non\n  proident, sunt in culpa qui officia deserunt mollit anim id est laborum.</p>\n  <p>Lorem ipsum dolor sit amet, consectetur adipisicing elit, sed do eiusmod\n  tempor incididunt ut labore et dolore magna aliqua. Ut enim ad minim veniam,\n  quis nostrud exercitation ullamco laboris nisi ut aliquip ex ea commodo\n  consequat. Duis aute irure dolor in reprehenderit in voluptate velit esse\n  cillum dolore eu fugiat nulla pariatur. Excepteur sint occaecat cupidatat non\n  proident, sunt in culpa qui officia deserunt mollit anim id est laborum.</p>\n  <hr>\n  <h3>Lorem ipsum dolor sit amet, consectetur adipisicing elit</h3>\n  <p>Lorem ipsum dolor sit amet, consectetur adipisicing elit, sed do eiusmod\n  tempor incididunt ut labore et dolore magna aliqua. Ut enim ad minim veniam,\n  quis nostrud exercitation ullamco laboris nisi ut aliquip ex ea commodo\n  consequat. Duis aute irure dolor in reprehenderit in voluptate velit esse\n  cillum dolore eu fugiat nulla pariatur. Excepteur sint occaecat cupidatat non\n  proident, sunt in culpa qui officia deserunt mollit anim id est laborum.</p>\n  <p>Lorem ipsum dolor sit amet, consectetur adipisicing elit, sed do eiusmod\n  tempor incididunt ut labore et dolore magna aliqua. Ut enim ad minim veniam,\n  quis nostrud exercitation ullamco laboris nisi ut aliquip ex ea commodo\n  consequat. Duis aute irure dolor in reprehenderit in voluptate velit esse\n  cillum dolore eu fugiat nulla pariatur. Excepteur sint occaecat cupidatat non\n  proident, sunt in culpa qui officia deserunt mollit anim id est laborum.</p>\n  <blockquote>Lorem ipsum dolor sit amet, consectetur adipisicing elit, sed do eiusmod\n  tempor incididunt ut labore et dolore magna aliqua. Ut enim ad minim veniam,\n  quis nostrud exercitation ullamco laboris nisi ut aliquip ex ea commodo\n  consequat. Duis aute irure dolor in reprehenderit in voluptate velit esse\n  cillum dolore eu fugiat nulla pariatur. Excepteur sint occaecat cupidatat non\n  proident, sunt in culpa qui officia deserunt mollit anim id est laborum.</blockquote>', 'sports', '2017-02-11 02:46:05', '2017-02-11 02:46:05', 1),
(33, 'Anthony Davis powers Pelicans over hapless Suns', '/images/sports/sports3.jpg', '<h3>Lorem ipsum dolor sit amet, consectetur adipisicing elit</h3>\n  <p>Lorem ipsum dolor sit amet, consectetur adipisicing elit, sed do eiusmod\n  tempor incididunt ut labore et dolore magna aliqua. Ut enim ad minim veniam,\n  quis nostrud exercitation ullamco laboris nisi ut aliquip ex ea commodo\n  consequat. Duis aute irure dolor in reprehenderit in voluptate velit esse\n  cillum dolore eu fugiat nulla pariatur. Excepteur sint occaecat cupidatat non\n  proident, sunt in culpa qui officia deserunt mollit anim id est laborum.</p>\n  <p>Lorem ipsum dolor sit amet, consectetur adipisicing elit, sed do eiusmod\n  tempor incididunt ut labore et dolore magna aliqua. Ut enim ad minim veniam,\n  quis nostrud exercitation ullamco laboris nisi ut aliquip ex ea commodo\n  consequat. Duis aute irure dolor in reprehenderit in voluptate velit esse\n  cillum dolore eu fugiat nulla pariatur. Excepteur sint occaecat cupidatat non\n  proident, sunt in culpa qui officia deserunt mollit anim id est laborum.</p>\n  <hr>\n  <h3>Lorem ipsum dolor sit amet, consectetur adipisicing elit</h3>\n  <p>Lorem ipsum dolor sit amet, consectetur adipisicing elit, sed do eiusmod\n  tempor incididunt ut labore et dolore magna aliqua. Ut enim ad minim veniam,\n  quis nostrud exercitation ullamco laboris nisi ut aliquip ex ea commodo\n  consequat. Duis aute irure dolor in reprehenderit in voluptate velit esse\n  cillum dolore eu fugiat nulla pariatur. Excepteur sint occaecat cupidatat non\n  proident, sunt in culpa qui officia deserunt mollit anim id est laborum.</p>\n  <p>Lorem ipsum dolor sit amet, consectetur adipisicing elit, sed do eiusmod\n  tempor incididunt ut labore et dolore magna aliqua. Ut enim ad minim veniam,\n  quis nostrud exercitation ullamco laboris nisi ut aliquip ex ea commodo\n  consequat. Duis aute irure dolor in reprehenderit in voluptate velit esse\n  cillum dolore eu fugiat nulla pariatur. Excepteur sint occaecat cupidatat non\n  proident, sunt in culpa qui officia deserunt mollit anim id est laborum.</p>\n  <blockquote>Lorem ipsum dolor sit amet, consectetur adipisicing elit, sed do eiusmod\n  tempor incididunt ut labore et dolore magna aliqua. Ut enim ad minim veniam,\n  quis nostrud exercitation ullamco laboris nisi ut aliquip ex ea commodo\n  consequat. Duis aute irure dolor in reprehenderit in voluptate velit esse\n  cillum dolore eu fugiat nulla pariatur. Excepteur sint occaecat cupidatat non\n  proident, sunt in culpa qui officia deserunt mollit anim id est laborum.</blockquote>', 'sports', '2017-02-12 07:08:24', '2017-02-12 07:08:24', 1),
(34, 'Castro believes Ravena will take over as Gilas\' starting point guard', '/images/sports/sports4.jpg', '<h3>Lorem ipsum dolor sit amet, consectetur adipisicing elit</h3>\n  <p>Lorem ipsum dolor sit amet, consectetur adipisicing elit, sed do eiusmod\n  tempor incididunt ut labore et dolore magna aliqua. Ut enim ad minim veniam,\n  quis nostrud exercitation ullamco laboris nisi ut aliquip ex ea commodo\n  consequat. Duis aute irure dolor in reprehenderit in voluptate velit esse\n  cillum dolore eu fugiat nulla pariatur. Excepteur sint occaecat cupidatat non\n  proident, sunt in culpa qui officia deserunt mollit anim id est laborum.</p>\n  <p>Lorem ipsum dolor sit amet, consectetur adipisicing elit, sed do eiusmod\n  tempor incididunt ut labore et dolore magna aliqua. Ut enim ad minim veniam,\n  quis nostrud exercitation ullamco laboris nisi ut aliquip ex ea commodo\n  consequat. Duis aute irure dolor in reprehenderit in voluptate velit esse\n  cillum dolore eu fugiat nulla pariatur. Excepteur sint occaecat cupidatat non\n  proident, sunt in culpa qui officia deserunt mollit anim id est laborum.</p>\n  <hr>\n  <h3>Lorem ipsum dolor sit amet, consectetur adipisicing elit</h3>\n  <p>Lorem ipsum dolor sit amet, consectetur adipisicing elit, sed do eiusmod\n  tempor incididunt ut labore et dolore magna aliqua. Ut enim ad minim veniam,\n  quis nostrud exercitation ullamco laboris nisi ut aliquip ex ea commodo\n  consequat. Duis aute irure dolor in reprehenderit in voluptate velit esse\n  cillum dolore eu fugiat nulla pariatur. Excepteur sint occaecat cupidatat non\n  proident, sunt in culpa qui officia deserunt mollit anim id est laborum.</p>\n  <p>Lorem ipsum dolor sit amet, consectetur adipisicing elit, sed do eiusmod\n  tempor incididunt ut labore et dolore magna aliqua. Ut enim ad minim veniam,\n  quis nostrud exercitation ullamco laboris nisi ut aliquip ex ea commodo\n  consequat. Duis aute irure dolor in reprehenderit in voluptate velit esse\n  cillum dolore eu fugiat nulla pariatur. Excepteur sint occaecat cupidatat non\n  proident, sunt in culpa qui officia deserunt mollit anim id est laborum.</p>\n  <blockquote>Lorem ipsum dolor sit amet, consectetur adipisicing elit, sed do eiusmod\n  tempor incididunt ut labore et dolore magna aliqua. Ut enim ad minim veniam,\n  quis nostrud exercitation ullamco laboris nisi ut aliquip ex ea commodo\n  consequat. Duis aute irure dolor in reprehenderit in voluptate velit esse\n  cillum dolore eu fugiat nulla pariatur. Excepteur sint occaecat cupidatat non\n  proident, sunt in culpa qui officia deserunt mollit anim id est laborum.</blockquote>', 'sports', '2017-05-20 15:46:50', '2017-05-20 15:46:50', 1),
(35, 'Ceres-Negros aims for Group F lead in Home United rematch', '/images/sports/sports5.jpg', '<h3>Lorem ipsum dolor sit amet, consectetur adipisicing elit</h3>\n  <p>Lorem ipsum dolor sit amet, consectetur adipisicing elit, sed do eiusmod\n  tempor incididunt ut labore et dolore magna aliqua. Ut enim ad minim veniam,\n  quis nostrud exercitation ullamco laboris nisi ut aliquip ex ea commodo\n  consequat. Duis aute irure dolor in reprehenderit in voluptate velit esse\n  cillum dolore eu fugiat nulla pariatur. Excepteur sint occaecat cupidatat non\n  proident, sunt in culpa qui officia deserunt mollit anim id est laborum.</p>\n  <p>Lorem ipsum dolor sit amet, consectetur adipisicing elit, sed do eiusmod\n  tempor incididunt ut labore et dolore magna aliqua. Ut enim ad minim veniam,\n  quis nostrud exercitation ullamco laboris nisi ut aliquip ex ea commodo\n  consequat. Duis aute irure dolor in reprehenderit in voluptate velit esse\n  cillum dolore eu fugiat nulla pariatur. Excepteur sint occaecat cupidatat non\n  proident, sunt in culpa qui officia deserunt mollit anim id est laborum.</p>\n  <hr>\n  <h3>Lorem ipsum dolor sit amet, consectetur adipisicing elit</h3>\n  <p>Lorem ipsum dolor sit amet, consectetur adipisicing elit, sed do eiusmod\n  tempor incididunt ut labore et dolore magna aliqua. Ut enim ad minim veniam,\n  quis nostrud exercitation ullamco laboris nisi ut aliquip ex ea commodo\n  consequat. Duis aute irure dolor in reprehenderit in voluptate velit esse\n  cillum dolore eu fugiat nulla pariatur. Excepteur sint occaecat cupidatat non\n  proident, sunt in culpa qui officia deserunt mollit anim id est laborum.</p>\n  <p>Lorem ipsum dolor sit amet, consectetur adipisicing elit, sed do eiusmod\n  tempor incididunt ut labore et dolore magna aliqua. Ut enim ad minim veniam,\n  quis nostrud exercitation ullamco laboris nisi ut aliquip ex ea commodo\n  consequat. Duis aute irure dolor in reprehenderit in voluptate velit esse\n  cillum dolore eu fugiat nulla pariatur. Excepteur sint occaecat cupidatat non\n  proident, sunt in culpa qui officia deserunt mollit anim id est laborum.</p>\n  <blockquote>Lorem ipsum dolor sit amet, consectetur adipisicing elit, sed do eiusmod\n  tempor incididunt ut labore et dolore magna aliqua. Ut enim ad minim veniam,\n  quis nostrud exercitation ullamco laboris nisi ut aliquip ex ea commodo\n  consequat. Duis aute irure dolor in reprehenderit in voluptate velit esse\n  cillum dolore eu fugiat nulla pariatur. Excepteur sint occaecat cupidatat non\n  proident, sunt in culpa qui officia deserunt mollit anim id est laborum.</blockquote>', 'sports', '2017-03-18 07:13:34', '2017-03-18 07:13:34', 1),
(36, 'PSG coach \'optimistic\' injured Neymar will recover to face Real Madrid', '/images/sports/sports6.jpg', '<h3>Lorem ipsum dolor sit amet, consectetur adipisicing elit</h3>\n  <p>Lorem ipsum dolor sit amet, consectetur adipisicing elit, sed do eiusmod\n  tempor incididunt ut labore et dolore magna aliqua. Ut enim ad minim veniam,\n  quis nostrud exercitation ullamco laboris nisi ut aliquip ex ea commodo\n  consequat. Duis aute irure dolor in reprehenderit in voluptate velit esse\n  cillum dolore eu fugiat nulla pariatur. Excepteur sint occaecat cupidatat non\n  proident, sunt in culpa qui officia deserunt mollit anim id est laborum.</p>\n  <p>Lorem ipsum dolor sit amet, consectetur adipisicing elit, sed do eiusmod\n  tempor incididunt ut labore et dolore magna aliqua. Ut enim ad minim veniam,\n  quis nostrud exercitation ullamco laboris nisi ut aliquip ex ea commodo\n  consequat. Duis aute irure dolor in reprehenderit in voluptate velit esse\n  cillum dolore eu fugiat nulla pariatur. Excepteur sint occaecat cupidatat non\n  proident, sunt in culpa qui officia deserunt mollit anim id est laborum.</p>\n  <hr>\n  <h3>Lorem ipsum dolor sit amet, consectetur adipisicing elit</h3>\n  <p>Lorem ipsum dolor sit amet, consectetur adipisicing elit, sed do eiusmod\n  tempor incididunt ut labore et dolore magna aliqua. Ut enim ad minim veniam,\n  quis nostrud exercitation ullamco laboris nisi ut aliquip ex ea commodo\n  consequat. Duis aute irure dolor in reprehenderit in voluptate velit esse\n  cillum dolore eu fugiat nulla pariatur. Excepteur sint occaecat cupidatat non\n  proident, sunt in culpa qui officia deserunt mollit anim id est laborum.</p>\n  <p>Lorem ipsum dolor sit amet, consectetur adipisicing elit, sed do eiusmod\n  tempor incididunt ut labore et dolore magna aliqua. Ut enim ad minim veniam,\n  quis nostrud exercitation ullamco laboris nisi ut aliquip ex ea commodo\n  consequat. Duis aute irure dolor in reprehenderit in voluptate velit esse\n  cillum dolore eu fugiat nulla pariatur. Excepteur sint occaecat cupidatat non\n  proident, sunt in culpa qui officia deserunt mollit anim id est laborum.</p>\n  <blockquote>Lorem ipsum dolor sit amet, consectetur adipisicing elit, sed do eiusmod\n  tempor incididunt ut labore et dolore magna aliqua. Ut enim ad minim veniam,\n  quis nostrud exercitation ullamco laboris nisi ut aliquip ex ea commodo\n  consequat. Duis aute irure dolor in reprehenderit in voluptate velit esse\n  cillum dolore eu fugiat nulla pariatur. Excepteur sint occaecat cupidatat non\n  proident, sunt in culpa qui officia deserunt mollit anim id est laborum.</blockquote>', 'sports', '2017-08-01 04:36:27', '2017-08-01 04:36:27', 1);
INSERT INTO `articles` (`id`, `title`, `image`, `content`, `category`, `created_at`, `updated_at`, `user_id`) VALUES
(37, 'Huawei Mate 10 Pro drives a Porsche at MWC 2018', '/images/tech/tech1.jpg', '<h3>Lorem ipsum dolor sit amet, consectetur adipisicing elit</h3>\n  <p>Lorem ipsum dolor sit amet, consectetur adipisicing elit, sed do eiusmod\n  tempor incididunt ut labore et dolore magna aliqua. Ut enim ad minim veniam,\n  quis nostrud exercitation ullamco laboris nisi ut aliquip ex ea commodo\n  consequat. Duis aute irure dolor in reprehenderit in voluptate velit esse\n  cillum dolore eu fugiat nulla pariatur. Excepteur sint occaecat cupidatat non\n  proident, sunt in culpa qui officia deserunt mollit anim id est laborum.</p>\n  <p>Lorem ipsum dolor sit amet, consectetur adipisicing elit, sed do eiusmod\n  tempor incididunt ut labore et dolore magna aliqua. Ut enim ad minim veniam,\n  quis nostrud exercitation ullamco laboris nisi ut aliquip ex ea commodo\n  consequat. Duis aute irure dolor in reprehenderit in voluptate velit esse\n  cillum dolore eu fugiat nulla pariatur. Excepteur sint occaecat cupidatat non\n  proident, sunt in culpa qui officia deserunt mollit anim id est laborum.</p>\n  <hr>\n  <h3>Lorem ipsum dolor sit amet, consectetur adipisicing elit</h3>\n  <p>Lorem ipsum dolor sit amet, consectetur adipisicing elit, sed do eiusmod\n  tempor incididunt ut labore et dolore magna aliqua. Ut enim ad minim veniam,\n  quis nostrud exercitation ullamco laboris nisi ut aliquip ex ea commodo\n  consequat. Duis aute irure dolor in reprehenderit in voluptate velit esse\n  cillum dolore eu fugiat nulla pariatur. Excepteur sint occaecat cupidatat non\n  proident, sunt in culpa qui officia deserunt mollit anim id est laborum.</p>\n  <p>Lorem ipsum dolor sit amet, consectetur adipisicing elit, sed do eiusmod\n  tempor incididunt ut labore et dolore magna aliqua. Ut enim ad minim veniam,\n  quis nostrud exercitation ullamco laboris nisi ut aliquip ex ea commodo\n  consequat. Duis aute irure dolor in reprehenderit in voluptate velit esse\n  cillum dolore eu fugiat nulla pariatur. Excepteur sint occaecat cupidatat non\n  proident, sunt in culpa qui officia deserunt mollit anim id est laborum.</p>\n  <blockquote>Lorem ipsum dolor sit amet, consectetur adipisicing elit, sed do eiusmod\n  tempor incididunt ut labore et dolore magna aliqua. Ut enim ad minim veniam,\n  quis nostrud exercitation ullamco laboris nisi ut aliquip ex ea commodo\n  consequat. Duis aute irure dolor in reprehenderit in voluptate velit esse\n  cillum dolore eu fugiat nulla pariatur. Excepteur sint occaecat cupidatat non\n  proident, sunt in culpa qui officia deserunt mollit anim id est laborum.</blockquote>', 'tech', '2017-08-02 10:15:42', '2017-08-02 10:15:42', 1),
(38, 'OPPO A83 impressions: Well-dressed at under P10,000', '/images/tech/tech2.jpg', '<h3>Lorem ipsum dolor sit amet, consectetur adipisicing elit</h3>\n  <p>Lorem ipsum dolor sit amet, consectetur adipisicing elit, sed do eiusmod\n  tempor incididunt ut labore et dolore magna aliqua. Ut enim ad minim veniam,\n  quis nostrud exercitation ullamco laboris nisi ut aliquip ex ea commodo\n  consequat. Duis aute irure dolor in reprehenderit in voluptate velit esse\n  cillum dolore eu fugiat nulla pariatur. Excepteur sint occaecat cupidatat non\n  proident, sunt in culpa qui officia deserunt mollit anim id est laborum.</p>\n  <p>Lorem ipsum dolor sit amet, consectetur adipisicing elit, sed do eiusmod\n  tempor incididunt ut labore et dolore magna aliqua. Ut enim ad minim veniam,\n  quis nostrud exercitation ullamco laboris nisi ut aliquip ex ea commodo\n  consequat. Duis aute irure dolor in reprehenderit in voluptate velit esse\n  cillum dolore eu fugiat nulla pariatur. Excepteur sint occaecat cupidatat non\n  proident, sunt in culpa qui officia deserunt mollit anim id est laborum.</p>\n  <hr>\n  <h3>Lorem ipsum dolor sit amet, consectetur adipisicing elit</h3>\n  <p>Lorem ipsum dolor sit amet, consectetur adipisicing elit, sed do eiusmod\n  tempor incididunt ut labore et dolore magna aliqua. Ut enim ad minim veniam,\n  quis nostrud exercitation ullamco laboris nisi ut aliquip ex ea commodo\n  consequat. Duis aute irure dolor in reprehenderit in voluptate velit esse\n  cillum dolore eu fugiat nulla pariatur. Excepteur sint occaecat cupidatat non\n  proident, sunt in culpa qui officia deserunt mollit anim id est laborum.</p>\n  <p>Lorem ipsum dolor sit amet, consectetur adipisicing elit, sed do eiusmod\n  tempor incididunt ut labore et dolore magna aliqua. Ut enim ad minim veniam,\n  quis nostrud exercitation ullamco laboris nisi ut aliquip ex ea commodo\n  consequat. Duis aute irure dolor in reprehenderit in voluptate velit esse\n  cillum dolore eu fugiat nulla pariatur. Excepteur sint occaecat cupidatat non\n  proident, sunt in culpa qui officia deserunt mollit anim id est laborum.</p>\n  <blockquote>Lorem ipsum dolor sit amet, consectetur adipisicing elit, sed do eiusmod\n  tempor incididunt ut labore et dolore magna aliqua. Ut enim ad minim veniam,\n  quis nostrud exercitation ullamco laboris nisi ut aliquip ex ea commodo\n  consequat. Duis aute irure dolor in reprehenderit in voluptate velit esse\n  cillum dolore eu fugiat nulla pariatur. Excepteur sint occaecat cupidatat non\n  proident, sunt in culpa qui officia deserunt mollit anim id est laborum.</blockquote>', 'tech', '2017-06-18 10:21:11', '2017-06-18 10:21:11', 1),
(39, 'Facebook launches effort to help boost newspaper subscriptions', '/images/tech/tech3.jpg', '<h3>Lorem ipsum dolor sit amet, consectetur adipisicing elit</h3>\n  <p>Lorem ipsum dolor sit amet, consectetur adipisicing elit, sed do eiusmod\n  tempor incididunt ut labore et dolore magna aliqua. Ut enim ad minim veniam,\n  quis nostrud exercitation ullamco laboris nisi ut aliquip ex ea commodo\n  consequat. Duis aute irure dolor in reprehenderit in voluptate velit esse\n  cillum dolore eu fugiat nulla pariatur. Excepteur sint occaecat cupidatat non\n  proident, sunt in culpa qui officia deserunt mollit anim id est laborum.</p>\n  <p>Lorem ipsum dolor sit amet, consectetur adipisicing elit, sed do eiusmod\n  tempor incididunt ut labore et dolore magna aliqua. Ut enim ad minim veniam,\n  quis nostrud exercitation ullamco laboris nisi ut aliquip ex ea commodo\n  consequat. Duis aute irure dolor in reprehenderit in voluptate velit esse\n  cillum dolore eu fugiat nulla pariatur. Excepteur sint occaecat cupidatat non\n  proident, sunt in culpa qui officia deserunt mollit anim id est laborum.</p>\n  <hr>\n  <h3>Lorem ipsum dolor sit amet, consectetur adipisicing elit</h3>\n  <p>Lorem ipsum dolor sit amet, consectetur adipisicing elit, sed do eiusmod\n  tempor incididunt ut labore et dolore magna aliqua. Ut enim ad minim veniam,\n  quis nostrud exercitation ullamco laboris nisi ut aliquip ex ea commodo\n  consequat. Duis aute irure dolor in reprehenderit in voluptate velit esse\n  cillum dolore eu fugiat nulla pariatur. Excepteur sint occaecat cupidatat non\n  proident, sunt in culpa qui officia deserunt mollit anim id est laborum.</p>\n  <p>Lorem ipsum dolor sit amet, consectetur adipisicing elit, sed do eiusmod\n  tempor incididunt ut labore et dolore magna aliqua. Ut enim ad minim veniam,\n  quis nostrud exercitation ullamco laboris nisi ut aliquip ex ea commodo\n  consequat. Duis aute irure dolor in reprehenderit in voluptate velit esse\n  cillum dolore eu fugiat nulla pariatur. Excepteur sint occaecat cupidatat non\n  proident, sunt in culpa qui officia deserunt mollit anim id est laborum.</p>\n  <blockquote>Lorem ipsum dolor sit amet, consectetur adipisicing elit, sed do eiusmod\n  tempor incididunt ut labore et dolore magna aliqua. Ut enim ad minim veniam,\n  quis nostrud exercitation ullamco laboris nisi ut aliquip ex ea commodo\n  consequat. Duis aute irure dolor in reprehenderit in voluptate velit esse\n  cillum dolore eu fugiat nulla pariatur. Excepteur sint occaecat cupidatat non\n  proident, sunt in culpa qui officia deserunt mollit anim id est laborum.</blockquote>', 'tech', '2017-04-22 22:52:46', '2017-04-22 22:52:46', 1),
(40, '3 new iPhones, including upsized iPhone X, expected for September ? report', '/images/tech/tech4.jpg', '<h3>Lorem ipsum dolor sit amet, consectetur adipisicing elit</h3>\n  <p>Lorem ipsum dolor sit amet, consectetur adipisicing elit, sed do eiusmod\n  tempor incididunt ut labore et dolore magna aliqua. Ut enim ad minim veniam,\n  quis nostrud exercitation ullamco laboris nisi ut aliquip ex ea commodo\n  consequat. Duis aute irure dolor in reprehenderit in voluptate velit esse\n  cillum dolore eu fugiat nulla pariatur. Excepteur sint occaecat cupidatat non\n  proident, sunt in culpa qui officia deserunt mollit anim id est laborum.</p>\n  <p>Lorem ipsum dolor sit amet, consectetur adipisicing elit, sed do eiusmod\n  tempor incididunt ut labore et dolore magna aliqua. Ut enim ad minim veniam,\n  quis nostrud exercitation ullamco laboris nisi ut aliquip ex ea commodo\n  consequat. Duis aute irure dolor in reprehenderit in voluptate velit esse\n  cillum dolore eu fugiat nulla pariatur. Excepteur sint occaecat cupidatat non\n  proident, sunt in culpa qui officia deserunt mollit anim id est laborum.</p>\n  <hr>\n  <h3>Lorem ipsum dolor sit amet, consectetur adipisicing elit</h3>\n  <p>Lorem ipsum dolor sit amet, consectetur adipisicing elit, sed do eiusmod\n  tempor incididunt ut labore et dolore magna aliqua. Ut enim ad minim veniam,\n  quis nostrud exercitation ullamco laboris nisi ut aliquip ex ea commodo\n  consequat. Duis aute irure dolor in reprehenderit in voluptate velit esse\n  cillum dolore eu fugiat nulla pariatur. Excepteur sint occaecat cupidatat non\n  proident, sunt in culpa qui officia deserunt mollit anim id est laborum.</p>\n  <p>Lorem ipsum dolor sit amet, consectetur adipisicing elit, sed do eiusmod\n  tempor incididunt ut labore et dolore magna aliqua. Ut enim ad minim veniam,\n  quis nostrud exercitation ullamco laboris nisi ut aliquip ex ea commodo\n  consequat. Duis aute irure dolor in reprehenderit in voluptate velit esse\n  cillum dolore eu fugiat nulla pariatur. Excepteur sint occaecat cupidatat non\n  proident, sunt in culpa qui officia deserunt mollit anim id est laborum.</p>\n  <blockquote>Lorem ipsum dolor sit amet, consectetur adipisicing elit, sed do eiusmod\n  tempor incididunt ut labore et dolore magna aliqua. Ut enim ad minim veniam,\n  quis nostrud exercitation ullamco laboris nisi ut aliquip ex ea commodo\n  consequat. Duis aute irure dolor in reprehenderit in voluptate velit esse\n  cillum dolore eu fugiat nulla pariatur. Excepteur sint occaecat cupidatat non\n  proident, sunt in culpa qui officia deserunt mollit anim id est laborum.</blockquote>', 'tech', '2017-03-09 06:47:01', '2017-03-09 06:47:01', 1),
(41, 'Growing number of studies suggest ride-hailing services worsen traffic', '/images/tech/tech5.jpg', '<h3>Lorem ipsum dolor sit amet, consectetur adipisicing elit</h3>\n  <p>Lorem ipsum dolor sit amet, consectetur adipisicing elit, sed do eiusmod\n  tempor incididunt ut labore et dolore magna aliqua. Ut enim ad minim veniam,\n  quis nostrud exercitation ullamco laboris nisi ut aliquip ex ea commodo\n  consequat. Duis aute irure dolor in reprehenderit in voluptate velit esse\n  cillum dolore eu fugiat nulla pariatur. Excepteur sint occaecat cupidatat non\n  proident, sunt in culpa qui officia deserunt mollit anim id est laborum.</p>\n  <p>Lorem ipsum dolor sit amet, consectetur adipisicing elit, sed do eiusmod\n  tempor incididunt ut labore et dolore magna aliqua. Ut enim ad minim veniam,\n  quis nostrud exercitation ullamco laboris nisi ut aliquip ex ea commodo\n  consequat. Duis aute irure dolor in reprehenderit in voluptate velit esse\n  cillum dolore eu fugiat nulla pariatur. Excepteur sint occaecat cupidatat non\n  proident, sunt in culpa qui officia deserunt mollit anim id est laborum.</p>\n  <hr>\n  <h3>Lorem ipsum dolor sit amet, consectetur adipisicing elit</h3>\n  <p>Lorem ipsum dolor sit amet, consectetur adipisicing elit, sed do eiusmod\n  tempor incididunt ut labore et dolore magna aliqua. Ut enim ad minim veniam,\n  quis nostrud exercitation ullamco laboris nisi ut aliquip ex ea commodo\n  consequat. Duis aute irure dolor in reprehenderit in voluptate velit esse\n  cillum dolore eu fugiat nulla pariatur. Excepteur sint occaecat cupidatat non\n  proident, sunt in culpa qui officia deserunt mollit anim id est laborum.</p>\n  <p>Lorem ipsum dolor sit amet, consectetur adipisicing elit, sed do eiusmod\n  tempor incididunt ut labore et dolore magna aliqua. Ut enim ad minim veniam,\n  quis nostrud exercitation ullamco laboris nisi ut aliquip ex ea commodo\n  consequat. Duis aute irure dolor in reprehenderit in voluptate velit esse\n  cillum dolore eu fugiat nulla pariatur. Excepteur sint occaecat cupidatat non\n  proident, sunt in culpa qui officia deserunt mollit anim id est laborum.</p>\n  <blockquote>Lorem ipsum dolor sit amet, consectetur adipisicing elit, sed do eiusmod\n  tempor incididunt ut labore et dolore magna aliqua. Ut enim ad minim veniam,\n  quis nostrud exercitation ullamco laboris nisi ut aliquip ex ea commodo\n  consequat. Duis aute irure dolor in reprehenderit in voluptate velit esse\n  cillum dolore eu fugiat nulla pariatur. Excepteur sint occaecat cupidatat non\n  proident, sunt in culpa qui officia deserunt mollit anim id est laborum.</blockquote>', 'tech', '2017-11-03 22:08:28', '2017-11-03 22:08:28', 1),
(42, 'The Sony Xperia XZ\'s big proposal: it takes the best action shots', '/images/tech/tech6.jpg', '<h3>Lorem ipsum dolor sit amet, consectetur adipisicing elit</h3>\n  <p>Lorem ipsum dolor sit amet, consectetur adipisicing elit, sed do eiusmod\n  tempor incididunt ut labore et dolore magna aliqua. Ut enim ad minim veniam,\n  quis nostrud exercitation ullamco laboris nisi ut aliquip ex ea commodo\n  consequat. Duis aute irure dolor in reprehenderit in voluptate velit esse\n  cillum dolore eu fugiat nulla pariatur. Excepteur sint occaecat cupidatat non\n  proident, sunt in culpa qui officia deserunt mollit anim id est laborum.</p>\n  <p>Lorem ipsum dolor sit amet, consectetur adipisicing elit, sed do eiusmod\n  tempor incididunt ut labore et dolore magna aliqua. Ut enim ad minim veniam,\n  quis nostrud exercitation ullamco laboris nisi ut aliquip ex ea commodo\n  consequat. Duis aute irure dolor in reprehenderit in voluptate velit esse\n  cillum dolore eu fugiat nulla pariatur. Excepteur sint occaecat cupidatat non\n  proident, sunt in culpa qui officia deserunt mollit anim id est laborum.</p>\n  <hr>\n  <h3>Lorem ipsum dolor sit amet, consectetur adipisicing elit</h3>\n  <p>Lorem ipsum dolor sit amet, consectetur adipisicing elit, sed do eiusmod\n  tempor incididunt ut labore et dolore magna aliqua. Ut enim ad minim veniam,\n  quis nostrud exercitation ullamco laboris nisi ut aliquip ex ea commodo\n  consequat. Duis aute irure dolor in reprehenderit in voluptate velit esse\n  cillum dolore eu fugiat nulla pariatur. Excepteur sint occaecat cupidatat non\n  proident, sunt in culpa qui officia deserunt mollit anim id est laborum.</p>\n  <p>Lorem ipsum dolor sit amet, consectetur adipisicing elit, sed do eiusmod\n  tempor incididunt ut labore et dolore magna aliqua. Ut enim ad minim veniam,\n  quis nostrud exercitation ullamco laboris nisi ut aliquip ex ea commodo\n  consequat. Duis aute irure dolor in reprehenderit in voluptate velit esse\n  cillum dolore eu fugiat nulla pariatur. Excepteur sint occaecat cupidatat non\n  proident, sunt in culpa qui officia deserunt mollit anim id est laborum.</p>\n  <blockquote>Lorem ipsum dolor sit amet, consectetur adipisicing elit, sed do eiusmod\n  tempor incididunt ut labore et dolore magna aliqua. Ut enim ad minim veniam,\n  quis nostrud exercitation ullamco laboris nisi ut aliquip ex ea commodo\n  consequat. Duis aute irure dolor in reprehenderit in voluptate velit esse\n  cillum dolore eu fugiat nulla pariatur. Excepteur sint occaecat cupidatat non\n  proident, sunt in culpa qui officia deserunt mollit anim id est laborum.</blockquote>', 'tech', '2017-10-09 15:57:36', '2017-10-09 15:57:36', 1);

-- --------------------------------------------------------

--
-- Table structure for table `comments`
--

CREATE TABLE `comments` (
  `id` int(10) UNSIGNED NOT NULL,
  `comment_content` longtext COLLATE utf8mb4_unicode_ci NOT NULL,
  `created_at` timestamp NULL DEFAULT NULL,
  `updated_at` timestamp NULL DEFAULT NULL,
  `user_id` int(10) UNSIGNED NOT NULL,
  `article_id` int(10) UNSIGNED NOT NULL
) ENGINE=InnoDB DEFAULT CHARSET=utf8mb4 COLLATE=utf8mb4_unicode_ci;

--
-- Dumping data for table `comments`
--

INSERT INTO `comments` (`id`, `comment_content`, `created_at`, `updated_at`, `user_id`, `article_id`) VALUES
(1, 'innovate granular action-items', '2018-02-28 01:39:34', '2018-02-28 01:39:34', 2, 38),
(2, 'revolutionize scalable metrics', '2018-02-22 00:54:37', '2018-02-22 00:54:37', 2, 40),
(3, 'exploit extensible bandwidth', '2018-01-14 09:54:59', '2018-01-14 09:54:59', 3, 8),
(4, 'exploit front-end platforms', '2018-01-09 12:06:06', '2018-01-09 12:06:06', 4, 36),
(5, 'reintermediate distributed solutions', '2018-01-24 01:17:00', '2018-01-24 01:17:00', 4, 20),
(6, 'generate bleeding-edge schemas', '2018-01-05 22:08:34', '2018-01-05 22:08:34', 5, 33),
(7, 'optimize visionary applications', '2018-01-27 05:06:18', '2018-01-27 05:06:18', 2, 12),
(8, 'evolve bricks-and-clicks partnerships', '2018-02-17 22:01:51', '2018-02-17 22:01:51', 5, 21),
(9, 'productize vertical e-commerce', '2018-01-08 13:28:31', '2018-01-08 13:28:31', 4, 15),
(10, 'monetize e-business content', '2018-02-12 14:30:24', '2018-02-12 14:30:24', 5, 25),
(11, 'implement leading-edge convergence', '2018-01-21 12:42:05', '2018-01-21 12:42:05', 5, 5),
(12, 'implement value-added models', '2018-01-04 04:33:26', '2018-01-04 04:33:26', 3, 38),
(13, 'strategize cutting-edge supply-chains', '2018-01-09 22:43:13', '2018-01-09 22:43:13', 4, 30),
(14, 'enhance mission-critical e-services', '2018-01-05 14:51:10', '2018-01-05 14:51:10', 2, 13),
(15, 'expedite visionary networks', '2018-01-25 09:19:02', '2018-01-25 09:19:02', 5, 40),
(16, 'incentivize compelling relationships', '2018-01-22 14:34:20', '2018-01-22 14:34:20', 2, 12),
(17, 'envisioneer cross-media e-tailers', '2018-01-28 08:36:24', '2018-01-28 08:36:24', 2, 16),
(18, 'e-enable customized channels', '2018-02-03 23:37:35', '2018-02-03 23:37:35', 5, 11),
(19, 'matrix cutting-edge web services', '2018-01-08 13:25:20', '2018-01-08 13:25:20', 3, 14),
(20, 'synergize transparent interfaces', '2018-02-20 09:08:48', '2018-02-20 09:08:48', 3, 6),
(21, 'productize turn-key schemas', '2018-01-16 23:32:41', '2018-01-16 23:32:41', 4, 42),
(22, 'incubate one-to-one networks', '2018-01-26 23:40:53', '2018-01-26 23:40:53', 2, 23),
(23, 'synthesize real-time content', '2018-02-28 08:52:48', '2018-02-28 08:52:48', 2, 30),
(24, 'cultivate value-added architectures', '0000-00-00 00:00:00', '0000-00-00 00:00:00', 5, 40),
(25, 'evolve scalable channels', '2018-02-10 04:59:22', '2018-02-10 04:59:22', 2, 7),
(26, 'synthesize web-enabled infomediaries', '2018-02-07 02:09:44', '2018-02-07 02:09:44', 3, 3),
(27, 'transform sticky paradigms', '2018-01-17 09:44:16', '2018-01-17 09:44:16', 2, 12),
(28, 'strategize extensible functionalities', '2018-01-25 08:49:58', '2018-01-25 08:49:58', 3, 11),
(29, 'syndicate sticky web services', '2018-02-09 14:03:04', '2018-02-09 14:03:04', 5, 13),
(30, 'syndicate integrated networks', '2018-01-27 01:49:50', '2018-01-27 01:49:50', 3, 27),
(31, 'target B2C convergence', '2018-02-10 23:16:11', '2018-02-10 23:16:11', 5, 18),
(32, 'synergize clicks-and-mortar e-commerce', '2017-12-31 22:35:34', '2017-12-31 22:35:34', 2, 26),
(33, 'maximize efficient metrics', '2018-01-12 02:35:08', '2018-01-12 02:35:08', 4, 2),
(34, 'synthesize distributed web-readiness', '0000-00-00 00:00:00', '0000-00-00 00:00:00', 4, 1),
(35, 'synergize clicks-and-mortar portals', '2018-02-14 03:01:25', '2018-02-14 03:01:25', 4, 29),
(36, 'generate web-enabled metrics', '2018-01-26 23:46:01', '2018-01-26 23:46:01', 4, 36),
(37, 'benchmark robust deliverables', '2018-01-05 06:51:22', '2018-01-05 06:51:22', 3, 7),
(38, 'visualize one-to-one networks', '2018-01-06 00:06:26', '2018-01-06 00:06:26', 4, 9),
(39, 'envisioneer seamless initiatives', '2018-02-19 23:51:32', '2018-02-19 23:51:32', 4, 21),
(40, 'synergize synergistic supply-chains', '2018-02-16 03:21:56', '2018-02-16 03:21:56', 3, 28),
(41, 'morph wireless markets', '2018-01-11 06:47:26', '2018-01-11 06:47:26', 4, 7),
(42, 'benchmark vertical paradigms', '2018-01-11 15:31:39', '2018-01-11 15:31:39', 3, 32),
(43, 'revolutionize virtual bandwidth', '2018-02-21 01:40:47', '2018-02-21 01:40:47', 5, 3),
(44, 'cultivate B2C portals', '2018-02-13 08:38:57', '2018-02-13 08:38:57', 2, 23),
(45, 'incentivize distributed interfaces', '2018-02-03 14:09:26', '2018-02-03 14:09:26', 3, 25),
(46, 'synthesize out-of-the-box channels', '2018-01-16 14:28:04', '2018-01-16 14:28:04', 2, 16),
(47, 'engineer seamless users', '2018-02-26 10:03:33', '2018-02-26 10:03:33', 3, 25),
(48, 'target back-end paradigms', '2018-02-19 13:53:55', '2018-02-19 13:53:55', 3, 19),
(49, 'evolve best-of-breed infrastructures', '2018-01-11 14:20:22', '2018-01-11 14:20:22', 2, 9),
(50, 'deliver next-generation bandwidth', '2018-01-15 10:26:23', '2018-01-15 10:26:23', 2, 16),
(51, 'optimize sexy relationships', '2018-01-06 11:26:41', '2018-01-06 11:26:41', 4, 30),
(52, 'revolutionize enterprise niches', '2018-01-10 00:11:07', '2018-01-10 00:11:07', 3, 36),
(53, 'utilize strategic ROI', '2018-02-07 01:52:04', '2018-02-07 01:52:04', 3, 9),
(54, 'maximize front-end partnerships', '2018-01-27 09:51:12', '2018-01-27 09:51:12', 4, 22),
(55, 'morph ubiquitous niches', '2018-02-14 12:29:43', '2018-02-14 12:29:43', 2, 7),
(56, 'drive world-class schemas', '2018-01-12 07:53:01', '2018-01-12 07:53:01', 4, 12),
(57, 'matrix leading-edge content', '2018-01-27 14:33:49', '2018-01-27 14:33:49', 4, 4),
(58, 'streamline scalable networks', '2018-02-12 12:21:59', '2018-02-12 12:21:59', 4, 14),
(59, 'transform leading-edge communities', '2018-02-25 03:40:08', '2018-02-25 03:40:08', 3, 10),
(60, 'innovate web-enabled deliverables', '2018-02-01 23:04:03', '2018-02-01 23:04:03', 4, 41),
(61, 'monetize intuitive web-readiness', '2018-02-09 22:41:36', '2018-02-09 22:41:36', 4, 7),
(62, 'enhance sexy synergies', '2018-01-23 14:36:08', '2018-01-23 14:36:08', 3, 5),
(63, 'cultivate seamless deliverables', '2018-01-01 14:41:00', '2018-01-01 14:41:00', 3, 39),
(64, 'maximize visionary web services', '2018-02-08 12:17:35', '2018-02-08 12:17:35', 4, 5),
(65, 'revolutionize granular functionalities', '2018-01-12 02:40:53', '2018-01-12 02:40:53', 5, 31),
(66, 'reinvent visionary markets', '2018-02-23 00:43:29', '2018-02-23 00:43:29', 5, 42),
(67, 'embrace visionary web-readiness', '2018-02-08 08:04:34', '2018-02-08 08:04:34', 3, 39),
(68, 'innovate B2B partnerships', '2018-01-15 00:18:17', '2018-01-15 00:18:17', 2, 23),
(69, 'harness impactful networks', '2018-01-20 11:33:52', '2018-01-20 11:33:52', 2, 27),
(70, 'visualize web-enabled metrics', '2018-02-16 15:39:29', '2018-02-16 15:39:29', 3, 27),
(71, 'cultivate robust paradigms', '2018-02-13 12:41:31', '2018-02-13 12:41:31', 2, 22),
(72, 'seize extensible experiences', '2018-02-28 03:04:41', '2018-02-28 03:04:41', 2, 12),
(73, 'cultivate proactive networks', '2018-02-06 05:29:35', '2018-02-06 05:29:35', 5, 27),
(74, 'optimize sexy portals', '2018-01-02 08:12:53', '2018-01-02 08:12:53', 4, 11),
(75, 'cultivate dynamic experiences', '2018-02-21 11:30:48', '2018-02-21 11:30:48', 2, 30),
(76, 'implement real-time infrastructures', '2018-01-11 00:43:43', '2018-01-11 00:43:43', 5, 31),
(77, 'brand leading-edge schemas', '2018-01-11 02:20:00', '2018-01-11 02:20:00', 2, 14),
(78, 'streamline 24/365 initiatives', '2018-01-31 23:16:24', '2018-01-31 23:16:24', 2, 22),
(79, 'architect synergistic metrics', '2018-01-12 05:57:25', '2018-01-12 05:57:25', 5, 3),
(80, 'productize innovative communities', '2018-02-08 05:27:32', '2018-02-08 05:27:32', 2, 14),
(81, 'reinvent customized models', '2018-01-01 08:07:23', '2018-01-01 08:07:23', 3, 33),
(82, 'embrace B2B communities', '2018-01-19 06:48:50', '2018-01-19 06:48:50', 3, 30),
(83, 'implement impactful solutions', '2018-01-26 07:49:00', '2018-01-26 07:49:00', 5, 34),
(84, 'repurpose dot-com communities', '2018-01-13 09:40:08', '2018-01-13 09:40:08', 3, 34),
(85, 'mesh bleeding-edge functionalities', '2018-01-07 09:42:42', '2018-01-07 09:42:42', 3, 17),
(86, 'streamline bricks-and-clicks e-services', '2018-02-13 01:27:35', '2018-02-13 01:27:35', 4, 9),
(87, 'e-enable mission-critical architectures', '2018-02-02 11:31:07', '2018-02-02 11:31:07', 4, 8),
(88, 'enhance compelling e-commerce', '2018-02-11 11:48:12', '2018-02-11 11:48:12', 5, 40),
(89, 'synergize 24/7 metrics', '2018-02-20 07:17:08', '2018-02-20 07:17:08', 5, 8),
(90, 'innovate world-class networks', '2018-01-20 03:55:08', '2018-01-20 03:55:08', 2, 36),
(91, 'evolve seamless infomediaries', '2018-01-12 09:20:05', '2018-01-12 09:20:05', 4, 10),
(92, 'deliver vertical web-readiness', '2018-01-03 05:13:17', '2018-01-03 05:13:17', 4, 28),
(93, 'brand intuitive convergence', '2018-02-18 05:42:49', '2018-02-18 05:42:49', 3, 40),
(94, 'utilize dynamic metrics', '2018-01-13 03:41:35', '2018-01-13 03:41:35', 5, 28),
(95, 'cultivate open-source infrastructures', '2018-02-26 23:21:28', '2018-02-26 23:21:28', 4, 20),
(96, 'iterate impactful communities', '2018-01-05 14:21:09', '2018-01-05 14:21:09', 4, 32),
(97, 'benchmark bleeding-edge eyeballs', '2018-02-10 04:50:38', '2018-02-10 04:50:38', 4, 8),
(98, 'optimize clicks-and-mortar models', '2018-01-18 09:34:42', '2018-01-18 09:34:42', 5, 25),
(99, 'engineer turn-key users', '2018-01-23 23:05:12', '2018-01-23 23:05:12', 5, 33),
(100, 'deploy out-of-the-box paradigms', '2018-01-08 10:05:28', '2018-01-08 10:05:28', 5, 26),
(101, 'revolutionize scalable metrics', '2018-01-09 11:56:09', '2018-01-09 11:56:09', 5, 42),
(102, 'exploit extensible bandwidth', '2018-02-15 08:50:49', '2018-02-15 08:50:49', 3, 1),
(103, 'exploit front-end platforms', '2018-02-24 08:33:26', '2018-02-24 08:33:26', 4, 14),
(104, 'reintermediate distributed solutions', '2018-01-05 23:17:45', '2018-01-05 23:17:45', 3, 2),
(105, 'generate bleeding-edge schemas', '2018-02-28 01:29:06', '2018-02-28 01:29:06', 2, 36),
(106, 'optimize visionary applications', '2018-01-22 07:22:18', '2018-01-22 07:22:18', 5, 42),
(107, 'evolve bricks-and-clicks partnerships', '2018-01-19 09:39:37', '2018-01-19 09:39:37', 2, 5),
(108, 'productize vertical e-commerce', '2018-01-16 11:26:15', '2018-01-16 11:26:15', 5, 35),
(109, 'monetize e-business content', '2018-02-25 22:59:51', '2018-02-25 22:59:51', 5, 22),
(110, 'implement leading-edge convergence', '2018-02-06 09:54:14', '2018-02-06 09:54:14', 2, 1),
(111, 'implement value-added models', '2018-02-11 09:36:02', '2018-02-11 09:36:02', 3, 39),
(112, 'strategize cutting-edge supply-chains', '2018-02-01 00:16:12', '2018-02-01 00:16:12', 2, 8),
(113, 'enhance mission-critical e-services', '2018-01-18 02:31:12', '2018-01-18 02:31:12', 2, 11),
(114, 'expedite visionary networks', '2018-01-15 06:10:12', '2018-01-15 06:10:12', 3, 34),
(115, 'incentivize compelling relationships', '2018-02-16 22:04:44', '2018-02-16 22:04:44', 3, 33),
(116, 'envisioneer cross-media e-tailers', '2018-02-26 00:58:57', '2018-02-26 00:58:57', 5, 9),
(117, 'e-enable customized channels', '0000-00-00 00:00:00', '0000-00-00 00:00:00', 2, 34),
(118, 'matrix cutting-edge web services', '2018-02-16 06:03:27', '2018-02-16 06:03:27', 2, 26),
(119, 'synergize transparent interfaces', '2018-01-11 03:40:10', '2018-01-11 03:40:10', 2, 5),
(120, 'productize turn-key schemas', '2018-02-17 11:25:08', '2018-02-17 11:25:08', 5, 17),
(121, 'incubate one-to-one networks', '2018-01-12 07:11:14', '2018-01-12 07:11:14', 3, 23),
(122, 'synthesize real-time content', '2018-01-01 08:06:53', '2018-01-01 08:06:53', 3, 40),
(123, 'cultivate value-added architectures', '2018-01-08 00:13:37', '2018-01-08 00:13:37', 4, 3),
(124, 'evolve scalable channels', '2018-01-09 22:19:40', '2018-01-09 22:19:40', 5, 31),
(125, 'synthesize web-enabled infomediaries', '2018-01-24 09:34:24', '2018-01-24 09:34:24', 2, 36),
(126, 'transform sticky paradigms', '2018-01-24 11:37:40', '2018-01-24 11:37:40', 5, 21),
(127, 'strategize extensible functionalities', '0000-00-00 00:00:00', '0000-00-00 00:00:00', 2, 2),
(128, 'syndicate sticky web services', '2018-01-08 03:05:16', '2018-01-08 03:05:16', 5, 31),
(129, 'syndicate integrated networks', '2018-01-14 09:45:56', '2018-01-14 09:45:56', 4, 23),
(130, 'target B2C convergence', '2018-02-19 12:01:13', '2018-02-19 12:01:13', 2, 27),
(131, 'synergize clicks-and-mortar e-commerce', '2018-01-08 10:57:33', '2018-01-08 10:57:33', 5, 18),
(132, 'maximize efficient metrics', '2018-01-27 10:08:38', '2018-01-27 10:08:38', 5, 15),
(133, 'synthesize distributed web-readiness', '2018-01-14 01:50:37', '2018-01-14 01:50:37', 4, 39),
(134, 'synergize clicks-and-mortar portals', '2018-02-28 00:42:40', '2018-02-28 00:42:40', 4, 37),
(135, 'generate web-enabled metrics', '2018-01-04 23:14:15', '2018-01-04 23:14:15', 3, 16),
(136, 'benchmark robust deliverables', '2018-01-27 02:59:50', '2018-01-27 02:59:50', 3, 24),
(137, 'visualize one-to-one networks', '0000-00-00 00:00:00', '0000-00-00 00:00:00', 5, 11),
(138, 'envisioneer seamless initiatives', '2018-01-27 23:07:50', '2018-01-27 23:07:50', 5, 37),
(139, 'synergize synergistic supply-chains', '2018-02-08 22:31:11', '2018-02-08 22:31:11', 2, 13),
(140, 'morph wireless markets', '2018-01-15 14:45:41', '2018-01-15 14:45:41', 2, 20),
(141, 'benchmark vertical paradigms', '2018-01-19 14:50:07', '2018-01-19 14:50:07', 5, 2),
(142, 'revolutionize virtual bandwidth', '2018-01-14 00:44:13', '2018-01-14 00:44:13', 2, 1),
(143, 'cultivate B2C portals', '2018-02-12 06:36:00', '2018-02-12 06:36:00', 3, 28),
(144, 'incentivize distributed interfaces', '2018-02-18 05:36:19', '2018-02-18 05:36:19', 2, 14),
(145, 'synthesize out-of-the-box channels', '2018-02-17 11:07:07', '2018-02-17 11:07:07', 3, 31),
(146, 'engineer seamless users', '2018-02-19 12:29:22', '2018-02-19 12:29:22', 4, 2),
(147, 'target back-end paradigms', '2018-02-20 14:46:52', '2018-02-20 14:46:52', 5, 20),
(148, 'evolve best-of-breed infrastructures', '2018-02-07 15:00:50', '2018-02-07 15:00:50', 2, 4),
(149, 'deliver next-generation bandwidth', '2018-02-04 03:07:50', '2018-02-04 03:07:50', 3, 28),
(150, 'optimize sexy relationships', '2018-02-03 12:34:32', '2018-02-03 12:34:32', 2, 27),
(151, 'revolutionize enterprise niches', '2018-01-10 07:46:31', '2018-01-10 07:46:31', 3, 30),
(152, 'utilize strategic ROI', '2018-01-17 09:54:53', '2018-01-17 09:54:53', 4, 36),
(153, 'maximize front-end partnerships', '2018-02-18 23:10:23', '2018-02-18 23:10:23', 5, 28),
(154, 'morph ubiquitous niches', '2018-01-23 03:16:06', '2018-01-23 03:16:06', 4, 36),
(155, 'drive world-class schemas', '2018-02-09 05:40:05', '2018-02-09 05:40:05', 2, 37),
(156, 'matrix leading-edge content', '2018-02-07 07:50:54', '2018-02-07 07:50:54', 3, 26),
(157, 'streamline scalable networks', '2018-01-11 13:54:39', '2018-01-11 13:54:39', 2, 35),
(158, 'transform leading-edge communities', '2018-01-05 00:51:45', '2018-01-05 00:51:45', 5, 34),
(159, 'innovate web-enabled deliverables', '2018-01-04 23:04:25', '2018-01-04 23:04:25', 5, 19),
(160, 'monetize intuitive web-readiness', '2018-02-20 23:25:59', '2018-02-20 23:25:59', 3, 12),
(161, 'enhance sexy synergies', '2018-02-26 06:59:04', '2018-02-26 06:59:04', 3, 35),
(162, 'cultivate seamless deliverables', '2018-02-28 15:23:12', '2018-02-28 15:23:12', 3, 2),
(163, 'maximize visionary web services', '2018-02-24 23:31:37', '2018-02-24 23:31:37', 4, 2),
(164, 'revolutionize granular functionalities', '2018-02-04 04:26:59', '2018-02-04 04:26:59', 5, 39),
(165, 'reinvent visionary markets', '2018-01-01 13:58:15', '2018-01-01 13:58:15', 5, 41),
(166, 'embrace visionary web-readiness', '2018-01-01 23:47:45', '2018-01-01 23:47:45', 4, 39),
(167, 'innovate B2B partnerships', '2018-01-17 23:15:00', '2018-01-17 23:15:00', 4, 27),
(168, 'harness impactful networks', '2018-02-04 03:30:13', '2018-02-04 03:30:13', 5, 6),
(169, 'visualize web-enabled metrics', '2018-02-05 07:50:39', '2018-02-05 07:50:39', 3, 35),
(170, 'cultivate robust paradigms', '2018-01-28 03:20:15', '2018-01-28 03:20:15', 2, 1),
(171, 'seize extensible experiences', '2018-01-22 04:30:17', '2018-01-22 04:30:17', 5, 36),
(172, 'cultivate proactive networks', '2018-02-07 13:59:37', '2018-02-07 13:59:37', 3, 42),
(173, 'optimize sexy portals', '2018-01-03 07:03:54', '2018-01-03 07:03:54', 3, 24),
(174, 'cultivate dynamic experiences', '2018-01-04 01:46:20', '2018-01-04 01:46:20', 3, 10),
(175, 'implement real-time infrastructures', '2018-02-24 13:02:25', '2018-02-24 13:02:25', 5, 31),
(176, 'brand leading-edge schemas', '2018-02-05 06:59:54', '2018-02-05 06:59:54', 2, 37),
(177, 'streamline 24/365 initiatives', '2018-02-27 11:38:07', '2018-02-27 11:38:07', 2, 38),
(178, 'architect synergistic metrics', '2018-01-10 23:01:08', '2018-01-10 23:01:08', 3, 1),
(179, 'productize innovative communities', '2018-01-13 01:24:56', '2018-01-13 01:24:56', 4, 41),
(180, 'reinvent customized models', '2018-01-21 12:52:19', '2018-01-21 12:52:19', 5, 35),
(181, 'embrace B2B communities', '2018-02-12 00:37:33', '2018-02-12 00:37:33', 4, 19),
(182, 'implement impactful solutions', '2018-01-12 23:48:33', '2018-01-12 23:48:33', 4, 35),
(183, 'repurpose dot-com communities', '2018-01-11 13:32:03', '2018-01-11 13:32:03', 2, 2),
(184, 'mesh bleeding-edge functionalities', '2018-01-05 10:55:46', '2018-01-05 10:55:46', 2, 2),
(185, 'streamline bricks-and-clicks e-services', '2018-02-27 05:28:35', '2018-02-27 05:28:35', 2, 23),
(186, 'e-enable mission-critical architectures', '0000-00-00 00:00:00', '0000-00-00 00:00:00', 5, 6),
(187, 'enhance compelling e-commerce', '2018-01-10 04:14:52', '2018-01-10 04:14:52', 5, 27),
(188, 'synergize 24/7 metrics', '2018-01-07 08:18:02', '2018-01-07 08:18:02', 5, 10),
(189, 'innovate world-class networks', '2018-02-18 05:59:08', '2018-02-18 05:59:08', 4, 13),
(190, 'evolve seamless infomediaries', '2018-02-04 13:47:39', '2018-02-04 13:47:39', 4, 2),
(191, 'deliver vertical web-readiness', '2018-01-03 11:59:23', '2018-01-03 11:59:23', 5, 34),
(192, 'brand intuitive convergence', '2018-02-15 04:04:05', '2018-02-15 04:04:05', 3, 42),
(193, 'utilize dynamic metrics', '2018-02-23 13:34:53', '2018-02-23 13:34:53', 5, 29),
(194, 'cultivate open-source infrastructures', '2018-02-20 03:37:32', '2018-02-20 03:37:32', 5, 41),
(195, 'iterate impactful communities', '0000-00-00 00:00:00', '0000-00-00 00:00:00', 5, 10),
(196, 'benchmark bleeding-edge eyeballs', '2018-01-06 10:18:03', '2018-01-06 10:18:03', 2, 14),
(197, 'optimize clicks-and-mortar models', '2018-02-17 07:09:28', '2018-02-17 07:09:28', 4, 30),
(198, 'engineer turn-key users', '2018-02-10 12:14:52', '2018-02-10 12:14:52', 3, 14),
(199, 'deploy out-of-the-box paradigms', '2018-01-08 02:42:46', '2018-01-08 02:42:46', 4, 16);

-- --------------------------------------------------------

--
-- Table structure for table `featured_articles`
--

CREATE TABLE `featured_articles` (
  `id` int(10) UNSIGNED NOT NULL,
  `created_at` timestamp NULL DEFAULT NULL,
  `updated_at` timestamp NULL DEFAULT NULL,
  `article_id` int(10) UNSIGNED NOT NULL
) ENGINE=InnoDB DEFAULT CHARSET=utf8mb4 COLLATE=utf8mb4_unicode_ci;

--
-- Dumping data for table `featured_articles`
--

INSERT INTO `featured_articles` (`id`, `created_at`, `updated_at`, `article_id`) VALUES
(1, NULL, NULL, 1),
(2, NULL, NULL, 13),
(3, NULL, NULL, 25),
(4, NULL, NULL, 38),
(5, NULL, NULL, 34);

-- --------------------------------------------------------

--
-- Table structure for table `migrations`
--

CREATE TABLE `migrations` (
  `id` int(10) UNSIGNED NOT NULL,
  `migration` varchar(191) COLLATE utf8mb4_unicode_ci NOT NULL,
  `batch` int(11) NOT NULL
) ENGINE=InnoDB DEFAULT CHARSET=utf8mb4 COLLATE=utf8mb4_unicode_ci;

--
-- Dumping data for table `migrations`
--

INSERT INTO `migrations` (`id`, `migration`, `batch`) VALUES
(1, '2014_10_12_000000_create_users_table', 1),
(2, '2014_10_12_100000_create_password_resets_table', 1),
(3, '2018_02_27_145404_create_articles_table', 1),
(4, '2018_02_27_145430_create_comments_table', 1),
(5, '2018_02_27_145438_create_replies_table', 1),
(6, '2018_02_27_191440_add_foreign_key_to_comments', 2),
(7, '2018_02_27_192446_create_featured_articles_table', 3);

-- --------------------------------------------------------

--
-- Table structure for table `password_resets`
--

CREATE TABLE `password_resets` (
  `email` varchar(191) COLLATE utf8mb4_unicode_ci NOT NULL,
  `token` varchar(191) COLLATE utf8mb4_unicode_ci NOT NULL,
  `created_at` timestamp NULL DEFAULT NULL
) ENGINE=InnoDB DEFAULT CHARSET=utf8mb4 COLLATE=utf8mb4_unicode_ci;

-- --------------------------------------------------------

--
-- Table structure for table `replies`
--

CREATE TABLE `replies` (
  `id` int(10) UNSIGNED NOT NULL,
  `reply_content` longtext COLLATE utf8mb4_unicode_ci NOT NULL,
  `created_at` timestamp NULL DEFAULT NULL,
  `updated_at` timestamp NULL DEFAULT NULL,
  `user_id` int(10) UNSIGNED NOT NULL,
  `comment_id` int(10) UNSIGNED NOT NULL
) ENGINE=InnoDB DEFAULT CHARSET=utf8mb4 COLLATE=utf8mb4_unicode_ci;

--
-- Dumping data for table `replies`
--

INSERT INTO `replies` (`id`, `reply_content`, `created_at`, `updated_at`, `user_id`, `comment_id`) VALUES
(1, 'innovate granular action-items', '2018-02-11 00:58:54', '2018-02-11 00:58:54', 5, 135),
(2, 'revolutionize scalable metrics', '2018-02-12 08:24:15', '2018-02-12 08:24:15', 4, 132),
(3, 'exploit extensible bandwidth', '2018-01-24 06:18:53', '2018-01-24 06:18:53', 3, 124),
(4, 'exploit front-end platforms', '2018-01-13 01:38:35', '2018-01-13 01:38:35', 4, 198),
(5, 'reintermediate distributed solutions', '2018-02-25 23:29:13', '2018-02-25 23:29:13', 3, 97),
(6, 'generate bleeding-edge schemas', '2018-01-05 06:43:23', '2018-01-05 06:43:23', 5, 97),
(7, 'optimize visionary applications', '2018-01-27 11:40:00', '2018-01-27 11:40:00', 2, 29),
(8, 'evolve bricks-and-clicks partnerships', '2018-01-14 06:44:09', '2018-01-14 06:44:09', 2, 158),
(9, 'productize vertical e-commerce', '2018-01-13 13:03:21', '2018-01-13 13:03:21', 2, 170),
(10, 'monetize e-business content', '2018-02-14 05:19:36', '2018-02-14 05:19:36', 5, 145),
(11, 'implement leading-edge convergence', '2018-02-01 22:42:44', '2018-02-01 22:42:44', 4, 157),
(12, 'implement value-added models', '2018-02-24 03:54:36', '2018-02-24 03:54:36', 2, 137),
(13, 'strategize cutting-edge supply-chains', '2018-01-13 22:00:57', '2018-01-13 22:00:57', 2, 171),
(14, 'enhance mission-critical e-services', '2018-01-13 03:32:17', '2018-01-13 03:32:17', 4, 49),
(15, 'expedite visionary networks', '2018-01-06 15:09:54', '2018-01-06 15:09:54', 4, 184),
(16, 'incentivize compelling relationships', '2018-02-14 06:35:11', '2018-02-14 06:35:11', 2, 17),
(17, 'envisioneer cross-media e-tailers', '2018-01-18 04:02:44', '2018-01-18 04:02:44', 5, 86),
(18, 'e-enable customized channels', '2018-01-18 02:53:37', '2018-01-18 02:53:37', 5, 49),
(19, 'matrix cutting-edge web services', '2018-01-03 23:25:38', '2018-01-03 23:25:38', 2, 138),
(20, 'synergize transparent interfaces', '2018-02-05 06:55:52', '2018-02-05 06:55:52', 4, 84),
(21, 'productize turn-key schemas', '2018-02-19 15:55:40', '2018-02-19 15:55:40', 4, 128),
(22, 'incubate one-to-one networks', '2018-01-04 22:49:55', '2018-01-04 22:49:55', 3, 15),
(23, 'synthesize real-time content', '2018-02-27 15:17:17', '2018-02-27 15:17:17', 3, 113),
(24, 'cultivate value-added architectures', '2018-02-13 06:27:36', '2018-02-13 06:27:36', 4, 80),
(25, 'evolve scalable channels', '2018-01-22 10:59:52', '2018-01-22 10:59:52', 5, 140),
(26, 'synthesize web-enabled infomediaries', '2018-01-13 01:43:02', '2018-01-13 01:43:02', 2, 162),
(27, 'transform sticky paradigms', '2018-02-10 11:19:21', '2018-02-10 11:19:21', 4, 137),
(28, 'strategize extensible functionalities', '2018-02-05 22:11:29', '2018-02-05 22:11:29', 3, 30),
(29, 'syndicate sticky web services', '2018-02-24 07:54:59', '2018-02-24 07:54:59', 4, 144),
(30, 'syndicate integrated networks', '2018-02-16 22:24:59', '2018-02-16 22:24:59', 5, 20),
(31, 'target B2C convergence', '2018-02-09 00:53:19', '2018-02-09 00:53:19', 2, 32),
(32, 'synergize clicks-and-mortar e-commerce', '2018-01-26 04:08:56', '2018-01-26 04:08:56', 3, 20),
(33, 'maximize efficient metrics', '2018-02-20 11:08:11', '2018-02-20 11:08:11', 5, 141),
(34, 'synthesize distributed web-readiness', '2018-01-17 06:37:00', '2018-01-17 06:37:00', 3, 159),
(35, 'synergize clicks-and-mortar portals', '2018-01-12 02:05:53', '2018-01-12 02:05:53', 3, 124),
(36, 'generate web-enabled metrics', '0000-00-00 00:00:00', '0000-00-00 00:00:00', 4, 38),
(37, 'benchmark robust deliverables', '2018-02-20 14:57:12', '2018-02-20 14:57:12', 2, 109),
(38, 'visualize one-to-one networks', '2018-01-22 07:35:38', '2018-01-22 07:35:38', 5, 90),
(39, 'envisioneer seamless initiatives', '2018-01-04 11:28:44', '2018-01-04 11:28:44', 4, 73),
(40, 'synergize synergistic supply-chains', '2018-02-21 15:17:40', '2018-02-21 15:17:40', 5, 39),
(41, 'morph wireless markets', '2018-01-02 09:56:04', '2018-01-02 09:56:04', 2, 51),
(42, 'benchmark vertical paradigms', '2018-01-12 13:16:11', '2018-01-12 13:16:11', 5, 58),
(43, 'revolutionize virtual bandwidth', '2018-02-04 03:28:43', '2018-02-04 03:28:43', 5, 165),
(44, 'cultivate B2C portals', '2018-01-27 00:48:34', '2018-01-27 00:48:34', 5, 44),
(45, 'incentivize distributed interfaces', '2018-01-27 02:20:03', '2018-01-27 02:20:03', 5, 100),
(46, 'synthesize out-of-the-box channels', '2018-01-17 13:49:24', '2018-01-17 13:49:24', 3, 15),
(47, 'engineer seamless users', '2018-01-09 13:47:56', '2018-01-09 13:47:56', 4, 64),
(48, 'target back-end paradigms', '2018-01-27 22:04:22', '2018-01-27 22:04:22', 2, 174),
(49, 'evolve best-of-breed infrastructures', '2018-01-22 00:23:55', '2018-01-22 00:23:55', 5, 96),
(50, 'deliver next-generation bandwidth', '2018-02-02 23:08:21', '2018-02-02 23:08:21', 2, 91),
(51, 'optimize sexy relationships', '2018-02-01 22:42:14', '2018-02-01 22:42:14', 3, 151),
(52, 'revolutionize enterprise niches', '2018-01-20 03:58:14', '2018-01-20 03:58:14', 2, 61),
(53, 'utilize strategic ROI', '2018-01-02 12:13:49', '2018-01-02 12:13:49', 2, 5),
(54, 'maximize front-end partnerships', '2018-01-23 03:08:08', '2018-01-23 03:08:08', 4, 87),
(55, 'morph ubiquitous niches', '2018-01-02 07:25:45', '2018-01-02 07:25:45', 2, 182),
(56, 'drive world-class schemas', '2018-01-02 13:34:55', '2018-01-02 13:34:55', 5, 39),
(57, 'matrix leading-edge content', '2018-01-26 14:58:21', '2018-01-26 14:58:21', 2, 103),
(58, 'streamline scalable networks', '2018-01-02 14:01:54', '2018-01-02 14:01:54', 5, 139),
(59, 'transform leading-edge communities', '2018-02-19 09:21:52', '2018-02-19 09:21:52', 5, 150),
(60, 'innovate web-enabled deliverables', '2018-02-15 06:30:46', '2018-02-15 06:30:46', 5, 138),
(61, 'monetize intuitive web-readiness', '2018-01-02 11:08:26', '2018-01-02 11:08:26', 4, 97),
(62, 'enhance sexy synergies', '2018-01-16 03:39:00', '2018-01-16 03:39:00', 5, 51),
(63, 'cultivate seamless deliverables', '2018-02-25 23:26:20', '2018-02-25 23:26:20', 3, 104),
(64, 'maximize visionary web services', '2018-02-09 00:29:54', '2018-02-09 00:29:54', 4, 73),
(65, 'revolutionize granular functionalities', '2018-01-06 07:02:09', '2018-01-06 07:02:09', 2, 10),
(66, 'reinvent visionary markets', '2018-01-23 14:53:04', '2018-01-23 14:53:04', 2, 104),
(67, 'embrace visionary web-readiness', '2018-01-20 11:06:07', '2018-01-20 11:06:07', 5, 117),
(68, 'innovate B2B partnerships', '2018-02-22 23:18:47', '2018-02-22 23:18:47', 4, 127),
(69, 'harness impactful networks', '2018-01-28 08:58:14', '2018-01-28 08:58:14', 2, 43),
(70, 'visualize web-enabled metrics', '2018-02-17 13:04:47', '2018-02-17 13:04:47', 5, 61),
(71, 'cultivate robust paradigms', '2018-02-24 06:17:11', '2018-02-24 06:17:11', 5, 70),
(72, 'seize extensible experiences', '2018-01-23 03:00:35', '2018-01-23 03:00:35', 2, 78),
(73, 'cultivate proactive networks', '2018-01-28 07:47:59', '2018-01-28 07:47:59', 3, 186),
(74, 'optimize sexy portals', '2018-02-19 07:11:53', '2018-02-19 07:11:53', 5, 56),
(75, 'cultivate dynamic experiences', '2018-02-25 01:13:59', '2018-02-25 01:13:59', 4, 121),
(76, 'implement real-time infrastructures', '2018-01-06 05:34:18', '2018-01-06 05:34:18', 4, 59),
(77, 'brand leading-edge schemas', '2018-01-17 03:38:53', '2018-01-17 03:38:53', 4, 37),
(78, 'streamline 24/365 initiatives', '2018-01-24 04:44:42', '2018-01-24 04:44:42', 3, 176),
(79, 'architect synergistic metrics', '2018-02-24 10:47:47', '2018-02-24 10:47:47', 5, 10),
(80, 'productize innovative communities', '2018-01-03 01:49:26', '2018-01-03 01:49:26', 4, 76),
(81, 'reinvent customized models', '2018-02-24 06:36:17', '2018-02-24 06:36:17', 3, 62),
(82, 'embrace B2B communities', '2018-02-23 06:08:41', '2018-02-23 06:08:41', 3, 102),
(83, 'implement impactful solutions', '2018-01-24 12:09:53', '2018-01-24 12:09:53', 5, 189),
(84, 'repurpose dot-com communities', '2018-01-15 02:12:46', '2018-01-15 02:12:46', 5, 25),
(85, 'mesh bleeding-edge functionalities', '2018-02-05 11:38:44', '2018-02-05 11:38:44', 2, 183),
(86, 'streamline bricks-and-clicks e-services', '2018-02-15 23:06:43', '2018-02-15 23:06:43', 2, 81),
(87, 'e-enable mission-critical architectures', '2018-02-01 10:36:55', '2018-02-01 10:36:55', 2, 5),
(88, 'enhance compelling e-commerce', '2018-01-02 04:49:51', '2018-01-02 04:49:51', 2, 148),
(89, 'synergize 24/7 metrics', '2018-02-27 14:57:57', '2018-02-27 14:57:57', 5, 52),
(90, 'innovate world-class networks', '2018-02-24 09:54:38', '2018-02-24 09:54:38', 5, 185),
(91, 'evolve seamless infomediaries', '2018-01-26 02:13:16', '2018-01-26 02:13:16', 2, 171),
(92, 'deliver vertical web-readiness', '2018-01-17 06:32:44', '2018-01-17 06:32:44', 3, 104),
(93, 'brand intuitive convergence', '2018-01-26 05:24:14', '2018-01-26 05:24:14', 5, 192),
(94, 'utilize dynamic metrics', '2018-02-09 05:42:08', '2018-02-09 05:42:08', 4, 5),
(95, 'cultivate open-source infrastructures', '2018-01-23 23:45:38', '2018-01-23 23:45:38', 2, 128),
(96, 'iterate impactful communities', '2018-01-21 13:18:28', '2018-01-21 13:18:28', 2, 24),
(97, 'benchmark bleeding-edge eyeballs', '2018-01-06 10:59:05', '2018-01-06 10:59:05', 3, 141),
(98, 'optimize clicks-and-mortar models', '2018-02-03 11:11:16', '2018-02-03 11:11:16', 3, 19),
(99, 'engineer turn-key users', '2018-02-24 08:37:31', '2018-02-24 08:37:31', 4, 123),
(100, 'deploy out-of-the-box paradigms', '2018-01-21 07:56:26', '2018-01-21 07:56:26', 5, 60),
(101, 'revolutionize scalable metrics', '2018-01-20 02:50:24', '2018-01-20 02:50:24', 3, 37),
(102, 'exploit extensible bandwidth', '2018-01-07 01:49:02', '2018-01-07 01:49:02', 3, 184),
(103, 'exploit front-end platforms', '2018-01-12 10:17:29', '2018-01-12 10:17:29', 4, 119),
(104, 'reintermediate distributed solutions', '2018-01-14 01:37:12', '2018-01-14 01:37:12', 2, 159),
(105, 'generate bleeding-edge schemas', '2018-01-27 11:40:30', '2018-01-27 11:40:30', 5, 57),
(106, 'optimize visionary applications', '2018-01-19 02:29:43', '2018-01-19 02:29:43', 5, 112),
(107, 'evolve bricks-and-clicks partnerships', '2018-01-23 10:24:53', '2018-01-23 10:24:53', 5, 89),
(108, 'productize vertical e-commerce', '2018-01-01 02:23:22', '2018-01-01 02:23:22', 4, 129),
(109, 'monetize e-business content', '2018-01-21 04:05:43', '2018-01-21 04:05:43', 3, 35),
(110, 'implement leading-edge convergence', '2018-02-10 01:35:06', '2018-02-10 01:35:06', 2, 165),
(111, 'implement value-added models', '2018-01-15 13:57:38', '2018-01-15 13:57:38', 5, 183),
(112, 'strategize cutting-edge supply-chains', '2018-01-12 11:15:54', '2018-01-12 11:15:54', 3, 131),
(113, 'enhance mission-critical e-services', '0000-00-00 00:00:00', '0000-00-00 00:00:00', 4, 37),
(114, 'expedite visionary networks', '2018-01-13 13:27:57', '2018-01-13 13:27:57', 2, 107),
(115, 'incentivize compelling relationships', '2018-01-25 23:58:15', '2018-01-25 23:58:15', 5, 60),
(116, 'envisioneer cross-media e-tailers', '2018-02-25 03:33:00', '2018-02-25 03:33:00', 2, 102),
(117, 'e-enable customized channels', '2018-02-22 04:53:46', '2018-02-22 04:53:46', 5, 52),
(118, 'matrix cutting-edge web services', '2018-02-22 15:59:39', '2018-02-22 15:59:39', 4, 29),
(119, 'synergize transparent interfaces', '2018-01-08 11:40:38', '2018-01-08 11:40:38', 3, 103),
(120, 'productize turn-key schemas', '2018-02-20 02:47:56', '2018-02-20 02:47:56', 3, 130),
(121, 'incubate one-to-one networks', '2018-02-05 13:14:36', '2018-02-05 13:14:36', 5, 183),
(122, 'synthesize real-time content', '2018-02-04 23:32:41', '2018-02-04 23:32:41', 4, 99),
(123, 'cultivate value-added architectures', '2018-01-09 10:02:27', '2018-01-09 10:02:27', 5, 2),
(124, 'evolve scalable channels', '2018-02-22 02:46:15', '2018-02-22 02:46:15', 5, 165),
(125, 'synthesize web-enabled infomediaries', '2018-02-04 23:08:52', '2018-02-04 23:08:52', 4, 32),
(126, 'transform sticky paradigms', '2018-01-21 11:18:26', '2018-01-21 11:18:26', 3, 52),
(127, 'strategize extensible functionalities', '2018-02-01 06:20:48', '2018-02-01 06:20:48', 4, 45),
(128, 'syndicate sticky web services', '2018-01-07 14:02:12', '2018-01-07 14:02:12', 5, 82),
(129, 'syndicate integrated networks', '2018-02-12 15:53:44', '2018-02-12 15:53:44', 2, 150),
(130, 'target B2C convergence', '2018-02-09 07:53:34', '2018-02-09 07:53:34', 4, 135),
(131, 'synergize clicks-and-mortar e-commerce', '2018-01-08 07:19:43', '2018-01-08 07:19:43', 3, 96),
(132, 'maximize efficient metrics', '2018-02-21 15:03:15', '2018-02-21 15:03:15', 3, 122),
(133, 'synthesize distributed web-readiness', '2018-01-26 15:29:17', '2018-01-26 15:29:17', 2, 175),
(134, 'synergize clicks-and-mortar portals', '2018-01-09 00:45:02', '2018-01-09 00:45:02', 4, 133),
(135, 'generate web-enabled metrics', '2018-01-17 14:50:37', '2018-01-17 14:50:37', 4, 84),
(136, 'benchmark robust deliverables', '2018-02-09 10:12:24', '2018-02-09 10:12:24', 4, 6),
(137, 'visualize one-to-one networks', '2018-02-20 15:00:31', '2018-02-20 15:00:31', 5, 142),
(138, 'envisioneer seamless initiatives', '2018-01-10 12:45:49', '2018-01-10 12:45:49', 4, 162),
(139, 'synergize synergistic supply-chains', '2018-02-04 00:54:05', '2018-02-04 00:54:05', 5, 67),
(140, 'morph wireless markets', '2018-01-25 01:01:37', '2018-01-25 01:01:37', 5, 35),
(141, 'benchmark vertical paradigms', '0000-00-00 00:00:00', '0000-00-00 00:00:00', 5, 116),
(142, 'revolutionize virtual bandwidth', '2018-02-14 11:44:48', '2018-02-14 11:44:48', 4, 144),
(143, 'cultivate B2C portals', '2018-01-15 02:12:53', '2018-01-15 02:12:53', 2, 139),
(144, 'incentivize distributed interfaces', '2018-01-06 05:16:49', '2018-01-06 05:16:49', 5, 184),
(145, 'synthesize out-of-the-box channels', '2018-02-21 15:25:07', '2018-02-21 15:25:07', 4, 42),
(146, 'engineer seamless users', '2018-02-01 06:07:51', '2018-02-01 06:07:51', 3, 199),
(147, 'target back-end paradigms', '2018-02-23 22:39:15', '2018-02-23 22:39:15', 4, 135),
(148, 'evolve best-of-breed infrastructures', '2018-02-14 06:08:16', '2018-02-14 06:08:16', 2, 122),
(149, 'deliver next-generation bandwidth', '2018-02-04 07:12:02', '2018-02-04 07:12:02', 2, 117),
(150, 'optimize sexy relationships', '2018-01-28 07:08:46', '2018-01-28 07:08:46', 5, 95),
(151, 'revolutionize enterprise niches', '2018-01-02 03:43:36', '2018-01-02 03:43:36', 2, 70),
(152, 'utilize strategic ROI', '2018-02-19 23:49:00', '2018-02-19 23:49:00', 3, 189),
(153, 'maximize front-end partnerships', '2018-02-13 07:51:57', '2018-02-13 07:51:57', 4, 99),
(154, 'morph ubiquitous niches', '2018-01-03 06:45:58', '2018-01-03 06:45:58', 2, 55),
(155, 'drive world-class schemas', '2018-02-13 06:07:59', '2018-02-13 06:07:59', 2, 119),
(156, 'matrix leading-edge content', '2018-01-05 12:26:54', '2018-01-05 12:26:54', 4, 20),
(157, 'streamline scalable networks', '2018-01-27 01:22:59', '2018-01-27 01:22:59', 3, 58),
(158, 'transform leading-edge communities', '2018-01-18 05:55:21', '2018-01-18 05:55:21', 5, 145),
(159, 'innovate web-enabled deliverables', '2018-02-09 04:45:03', '2018-02-09 04:45:03', 3, 20),
(160, 'monetize intuitive web-readiness', '2018-01-16 04:26:18', '2018-01-16 04:26:18', 4, 169),
(161, 'enhance sexy synergies', '2018-01-25 14:28:21', '2018-01-25 14:28:21', 2, 89),
(162, 'cultivate seamless deliverables', '2018-01-23 23:46:30', '2018-01-23 23:46:30', 3, 176),
(163, 'maximize visionary web services', '2018-01-16 10:15:43', '2018-01-16 10:15:43', 3, 152),
(164, 'revolutionize granular functionalities', '2018-02-20 12:43:57', '2018-02-20 12:43:57', 5, 7),
(165, 'reinvent visionary markets', '2018-01-28 09:04:27', '2018-01-28 09:04:27', 3, 69),
(166, 'embrace visionary web-readiness', '2018-02-13 14:33:29', '2018-02-13 14:33:29', 3, 16),
(167, 'innovate B2B partnerships', '2018-02-23 06:27:16', '2018-02-23 06:27:16', 4, 103),
(168, 'harness impactful networks', '2018-02-09 11:09:31', '2018-02-09 11:09:31', 3, 49),
(169, 'visualize web-enabled metrics', '2018-02-23 06:13:07', '2018-02-23 06:13:07', 4, 30),
(170, 'cultivate robust paradigms', '2018-01-20 15:07:09', '2018-01-20 15:07:09', 4, 12),
(171, 'seize extensible experiences', '2018-02-10 11:57:35', '2018-02-10 11:57:35', 4, 178),
(172, 'cultivate proactive networks', '2018-02-02 23:37:13', '2018-02-02 23:37:13', 5, 164),
(173, 'optimize sexy portals', '2018-02-15 00:04:08', '2018-02-15 00:04:08', 3, 100),
(174, 'cultivate dynamic experiences', '2018-01-15 11:24:57', '2018-01-15 11:24:57', 2, 112),
(175, 'implement real-time infrastructures', '2018-02-20 22:07:53', '2018-02-20 22:07:53', 3, 25),
(176, 'brand leading-edge schemas', '2018-01-19 08:16:16', '2018-01-19 08:16:16', 4, 199),
(177, 'streamline 24/365 initiatives', '2018-01-10 10:21:47', '2018-01-10 10:21:47', 4, 136),
(178, 'architect synergistic metrics', '2018-01-21 05:03:10', '2018-01-21 05:03:10', 5, 55),
(179, 'productize innovative communities', '2018-02-05 04:16:49', '2018-02-05 04:16:49', 2, 51),
(180, 'reinvent customized models', '2018-02-22 13:34:16', '2018-02-22 13:34:16', 5, 114),
(181, 'embrace B2B communities', '2018-01-27 15:04:56', '2018-01-27 15:04:56', 4, 169),
(182, 'implement impactful solutions', '2018-02-14 06:56:09', '2018-02-14 06:56:09', 4, 129),
(183, 'repurpose dot-com communities', '2018-01-09 08:22:49', '2018-01-09 08:22:49', 4, 40),
(184, 'mesh bleeding-edge functionalities', '2018-02-15 05:04:36', '2018-02-15 05:04:36', 2, 93),
(185, 'streamline bricks-and-clicks e-services', '2018-01-08 11:13:44', '2018-01-08 11:13:44', 5, 75),
(186, 'e-enable mission-critical architectures', '2018-02-06 04:36:17', '2018-02-06 04:36:17', 2, 145),
(187, 'enhance compelling e-commerce', '2018-02-23 02:57:51', '2018-02-23 02:57:51', 3, 68),
(188, 'synergize 24/7 metrics', '2018-02-14 23:17:22', '2018-02-14 23:17:22', 4, 153),
(189, 'innovate world-class networks', '2018-01-16 08:23:46', '2018-01-16 08:23:46', 4, 143),
(190, 'evolve seamless infomediaries', '2018-02-20 06:38:14', '2018-02-20 06:38:14', 5, 11),
(191, 'deliver vertical web-readiness', '2018-02-02 10:30:56', '2018-02-02 10:30:56', 2, 164),
(192, 'brand intuitive convergence', '2018-02-15 22:15:18', '2018-02-15 22:15:18', 2, 79),
(193, 'utilize dynamic metrics', '2018-02-20 01:30:53', '2018-02-20 01:30:53', 2, 40),
(194, 'cultivate open-source infrastructures', '2018-02-12 23:44:19', '2018-02-12 23:44:19', 2, 26),
(195, 'iterate impactful communities', '2018-01-11 13:11:02', '2018-01-11 13:11:02', 3, 172),
(196, 'benchmark bleeding-edge eyeballs', '2018-01-26 07:46:18', '2018-01-26 07:46:18', 5, 165),
(197, 'optimize clicks-and-mortar models', '2018-02-10 05:02:00', '2018-02-10 05:02:00', 2, 122),
(198, 'engineer turn-key users', '2018-02-21 14:32:35', '2018-02-21 14:32:35', 4, 107),
(199, 'deploy out-of-the-box paradigms', '2018-01-10 04:42:29', '2018-01-10 04:42:29', 2, 72);

-- --------------------------------------------------------

--
-- Table structure for table `users`
--

CREATE TABLE `users` (
  `id` int(10) UNSIGNED NOT NULL,
  `name` varchar(191) COLLATE utf8mb4_unicode_ci NOT NULL,
  `email` varchar(191) COLLATE utf8mb4_unicode_ci NOT NULL,
  `password` varchar(191) COLLATE utf8mb4_unicode_ci NOT NULL,
  `isAdmin` tinyint(1) NOT NULL DEFAULT '0',
  `isDisabled` tinyint(1) NOT NULL DEFAULT '0',
  `remember_token` varchar(100) COLLATE utf8mb4_unicode_ci DEFAULT NULL,
  `created_at` timestamp NULL DEFAULT NULL,
  `updated_at` timestamp NULL DEFAULT NULL
) ENGINE=InnoDB DEFAULT CHARSET=utf8mb4 COLLATE=utf8mb4_unicode_ci;

--
-- Dumping data for table `users`
--

INSERT INTO `users` (`id`, `name`, `email`, `password`, `isAdmin`, `isDisabled`, `remember_token`, `created_at`, `updated_at`) VALUES
(1, 'Admin', 'admin@gmail.com', '$2y$10$0n6emqcL7iE9MsIUShDZg.Dr4bxdlHUqB9hvb7vtwxgNuYiLaArSe', 1, 0, 'agD69srW1FBxaPz5S6dsvaDTdthEUrkBZ5ycVNaYA0oKpZWOryYytzp1vkkm', '2018-02-27 08:20:17', '2018-02-27 08:20:17'),
(2, 'Rody', 'reguser@gmail.com', '$2y$10$xKh1T6e.45xB2jzq0NmT0e4nfjwi/mDkOGWE7VzFqL0/M8mXE3aGO', 0, 0, 'OHI4uXXRxa0KSro6xmFug2ZA2TR9mNsQXPdZYx2qUBaGnZy0mRyRGsbdUPBz', '2018-02-27 08:20:43', '2018-02-27 08:20:43'),
(3, 'John', 'reguser2@gmail.com', '$2y$10$xKh1T6e.45xB2jzq0NmT0e4nfjwi/mDkOGWE7VzFqL0/M8mXE3aGO', 0, 0, NULL, '2018-02-27 08:20:43', '2018-02-27 08:20:43'),
(4, 'Jane', 'reguser3@gmail.com', '$2y$10$xKh1T6e.45xB2jzq0NmT0e4nfjwi/mDkOGWE7VzFqL0/M8mXE3aGO', 0, 0, NULL, '2018-02-27 08:20:43', '2018-02-27 08:20:43'),
(5, 'Joy', 'reguser4@gmail.com', '$2y$10$xKh1T6e.45xB2jzq0NmT0e4nfjwi/mDkOGWE7VzFqL0/M8mXE3aGO', 0, 0, NULL, '2018-02-27 08:20:43', '2018-02-27 08:20:43');

--
-- Indexes for dumped tables
--

--
-- Indexes for table `articles`
--
ALTER TABLE `articles`
  ADD PRIMARY KEY (`id`),
  ADD KEY `articles_user_id_foreign` (`user_id`);

--
-- Indexes for table `comments`
--
ALTER TABLE `comments`
  ADD PRIMARY KEY (`id`),
  ADD KEY `comments_user_id_foreign` (`user_id`),
  ADD KEY `comments_article_id_foreign` (`article_id`);

--
-- Indexes for table `featured_articles`
--
ALTER TABLE `featured_articles`
  ADD PRIMARY KEY (`id`),
  ADD KEY `featured_articles_article_id_foreign` (`article_id`);

--
-- Indexes for table `migrations`
--
ALTER TABLE `migrations`
  ADD PRIMARY KEY (`id`);

--
-- Indexes for table `password_resets`
--
ALTER TABLE `password_resets`
  ADD KEY `password_resets_email_index` (`email`);

--
-- Indexes for table `replies`
--
ALTER TABLE `replies`
  ADD PRIMARY KEY (`id`),
  ADD KEY `replies_user_id_foreign` (`user_id`),
  ADD KEY `replies_comment_id_foreign` (`comment_id`);

--
-- Indexes for table `users`
--
ALTER TABLE `users`
  ADD PRIMARY KEY (`id`),
  ADD UNIQUE KEY `users_email_unique` (`email`);

--
-- AUTO_INCREMENT for dumped tables
--

--
-- AUTO_INCREMENT for table `articles`
--
ALTER TABLE `articles`
  MODIFY `id` int(10) UNSIGNED NOT NULL AUTO_INCREMENT, AUTO_INCREMENT=43;

--
-- AUTO_INCREMENT for table `comments`
--
ALTER TABLE `comments`
  MODIFY `id` int(10) UNSIGNED NOT NULL AUTO_INCREMENT, AUTO_INCREMENT=222;

--
-- AUTO_INCREMENT for table `featured_articles`
--
ALTER TABLE `featured_articles`
  MODIFY `id` int(10) UNSIGNED NOT NULL AUTO_INCREMENT, AUTO_INCREMENT=6;

--
-- AUTO_INCREMENT for table `migrations`
--
ALTER TABLE `migrations`
  MODIFY `id` int(10) UNSIGNED NOT NULL AUTO_INCREMENT, AUTO_INCREMENT=8;

--
-- AUTO_INCREMENT for table `replies`
--
ALTER TABLE `replies`
  MODIFY `id` int(10) UNSIGNED NOT NULL AUTO_INCREMENT, AUTO_INCREMENT=215;

--
-- AUTO_INCREMENT for table `users`
--
ALTER TABLE `users`
  MODIFY `id` int(10) UNSIGNED NOT NULL AUTO_INCREMENT, AUTO_INCREMENT=6;

--
-- Constraints for dumped tables
--

--
-- Constraints for table `articles`
--
ALTER TABLE `articles`
  ADD CONSTRAINT `articles_user_id_foreign` FOREIGN KEY (`user_id`) REFERENCES `users` (`id`) ON UPDATE CASCADE;

--
-- Constraints for table `comments`
--
ALTER TABLE `comments`
  ADD CONSTRAINT `comments_article_id_foreign` FOREIGN KEY (`article_id`) REFERENCES `articles` (`id`) ON DELETE CASCADE ON UPDATE CASCADE,
  ADD CONSTRAINT `comments_user_id_foreign` FOREIGN KEY (`user_id`) REFERENCES `users` (`id`) ON DELETE CASCADE ON UPDATE CASCADE;

--
-- Constraints for table `featured_articles`
--
ALTER TABLE `featured_articles`
  ADD CONSTRAINT `featured_articles_article_id_foreign` FOREIGN KEY (`article_id`) REFERENCES `articles` (`id`) ON DELETE CASCADE ON UPDATE CASCADE;

--
-- Constraints for table `replies`
--
ALTER TABLE `replies`
  ADD CONSTRAINT `replies_comment_id_foreign` FOREIGN KEY (`comment_id`) REFERENCES `comments` (`id`) ON DELETE CASCADE ON UPDATE CASCADE,
  ADD CONSTRAINT `replies_user_id_foreign` FOREIGN KEY (`user_id`) REFERENCES `users` (`id`) ON DELETE CASCADE ON UPDATE CASCADE;
COMMIT;

/*!40101 SET CHARACTER_SET_CLIENT=@OLD_CHARACTER_SET_CLIENT */;
/*!40101 SET CHARACTER_SET_RESULTS=@OLD_CHARACTER_SET_RESULTS */;
/*!40101 SET COLLATION_CONNECTION=@OLD_COLLATION_CONNECTION */;
